#include "gfx/legato/generated/le_gen_assets.h"

/*********************************
 * Legato Font Asset
 * Name:         FontBig
 * Height:       95
 * Baseline:     76
 * Style:        Plain
 * Glyph Count:  95
 * Range Count:  1
 * Glyph Ranges: 0x20-0x7E
 *********************************/
/*********************************
 * font glyph kerning table description
 *
 * unsigned int - number of glyphs
 * for each glyph:
 *     unsigned short - codepoint         * the glyph's codepoint
 *     short          - width             * the glyph's width in pixels
 *     short          - height            * the glyph's height in pixels
 *     short          - advance           * the glyph's advance value in pixels
 *     short          - bearingX          * the glyph's bearing value in pixels on the X axis
 *     short          - bearingY          * the glyph's bearing value in pixels on the Y axis
 *     unsigned short - flags             * status flags for this glyph
 *     unsigned short - data row width    * the size of a row of glyph data in bytes
 *     unsigned int   - data table offset * the offset into the corresponding font data table
 ********************************/
const uint8_t FontBig_data[1904] =
{
    0x5F,0x00,0x00,0x00,0x20,0x00,0x00,0x00,0x00,0x00,0x18,0x00,0x00,0x00,0x00,0x00,
    0x00,0x00,0x00,0x00,0x00,0x00,0x00,0x00,0x21,0x00,0x0B,0x00,0x40,0x00,0x17,0x00,
    0x06,0x00,0x3F,0x00,0x00,0x00,0x02,0x00,0x00,0x00,0x00,0x00,0x22,0x00,0x16,0x00,
    0x18,0x00,0x22,0x00,0x06,0x00,0x3F,0x00,0x00,0x00,0x03,0x00,0x80,0x00,0x00,0x00,
    0x23,0x00,0x3A,0x00,0x3F,0x00,0x3F,0x00,0x02,0x00,0x3F,0x00,0x00,0x00,0x08,0x00,
    0xC8,0x00,0x00,0x00,0x24,0x00,0x30,0x00,0x55,0x00,0x37,0x00,0x04,0x00,0x4A,0x00,
    0x00,0x00,0x06,0x00,0xC0,0x02,0x00,0x00,0x25,0x00,0x44,0x00,0x41,0x00,0x4B,0x00,
    0x03,0x00,0x40,0x00,0x00,0x00,0x09,0x00,0xC0,0x04,0x00,0x00,0x26,0x00,0x38,0x00,
    0x41,0x00,0x3C,0x00,0x04,0x00,0x40,0x00,0x00,0x00,0x07,0x00,0x0C,0x07,0x00,0x00,
    0x27,0x00,0x06,0x00,0x18,0x00,0x12,0x00,0x06,0x00,0x3F,0x00,0x00,0x00,0x01,0x00,
    0xD4,0x08,0x00,0x00,0x28,0x00,0x11,0x00,0x55,0x00,0x1E,0x00,0x09,0x00,0x43,0x00,
    0x00,0x00,0x03,0x00,0xEC,0x08,0x00,0x00,0x29,0x00,0x12,0x00,0x55,0x00,0x1E,0x00,
    0x03,0x00,0x43,0x00,0x00,0x00,0x03,0x00,0xEC,0x09,0x00,0x00,0x2A,0x00,0x20,0x00,
    0x21,0x00,0x23,0x00,0x01,0x00,0x43,0x00,0x00,0x00,0x04,0x00,0xEC,0x0A,0x00,0x00,
    0x2B,0x00,0x28,0x00,0x27,0x00,0x34,0x00,0x06,0x00,0x33,0x00,0x00,0x00,0x05,0x00,
    0x70,0x0B,0x00,0x00,0x2C,0x00,0x0B,0x00,0x18,0x00,0x13,0x00,0x04,0x00,0x0A,0x00,
    0x00,0x00,0x02,0x00,0x34,0x0C,0x00,0x00,0x2D,0x00,0x18,0x00,0x07,0x00,0x22,0x00,
    0x05,0x00,0x1C,0x00,0x00,0x00,0x03,0x00,0x64,0x0C,0x00,0x00,0x2E,0x00,0x0B,0x00,
    0x0B,0x00,0x13,0x00,0x04,0x00,0x0A,0x00,0x00,0x00,0x02,0x00,0x7C,0x0C,0x00,0x00,
    0x2F,0x00,0x25,0x00,0x55,0x00,0x1E,0x00,0xFD,0xFF,0x4C,0x00,0x00,0x00,0x05,0x00,
    0x94,0x0C,0x00,0x00,0x30,0x00,0x33,0x00,0x41,0x00,0x3C,0x00,0x04,0x00,0x40,0x00,
    0x00,0x00,0x07,0x00,0x40,0x0E,0x00,0x00,0x31,0x00,0x17,0x00,0x3F,0x00,0x20,0x00,
    0x00,0x00,0x3F,0x00,0x00,0x00,0x03,0x00,0x08,0x10,0x00,0x00,0x32,0x00,0x2F,0x00,
    0x40,0x00,0x33,0x00,0x01,0x00,0x40,0x00,0x00,0x00,0x06,0x00,0xC8,0x10,0x00,0x00,
    0x33,0x00,0x2F,0x00,0x40,0x00,0x33,0x00,0x00,0x00,0x3F,0x00,0x00,0x00,0x06,0x00,
    0x48,0x12,0x00,0x00,0x34,0x00,0x38,0x00,0x3F,0x00,0x3B,0x00,0x03,0x00,0x3F,0x00,
    0x00,0x00,0x07,0x00,0xC8,0x13,0x00,0x00,0x35,0x00,0x2F,0x00,0x40,0x00,0x33,0x00,
    0x01,0x00,0x3F,0x00,0x00,0x00,0x06,0x00,0x84,0x15,0x00,0x00,0x36,0x00,0x31,0x00,
    0x41,0x00,0x37,0x00,0x04,0x00,0x40,0x00,0x00,0x00,0x07,0x00,0x04,0x17,0x00,0x00,
    0x37,0x00,0x30,0x00,0x3F,0x00,0x35,0x00,0x02,0x00,0x3F,0x00,0x00,0x00,0x06,0x00,
    0xCC,0x18,0x00,0x00,0x38,0x00,0x32,0x00,0x41,0x00,0x39,0x00,0x04,0x00,0x40,0x00,
    0x00,0x00,0x07,0x00,0x48,0x1A,0x00,0x00,0x39,0x00,0x31,0x00,0x41,0x00,0x37,0x00,
    0x02,0x00,0x40,0x00,0x00,0x00,0x07,0x00,0x10,0x1C,0x00,0x00,0x3A,0x00,0x0B,0x00,
    0x31,0x00,0x13,0x00,0x04,0x00,0x30,0x00,0x00,0x00,0x02,0x00,0xD8,0x1D,0x00,0x00,
    0x3B,0x00,0x0B,0x00,0x3E,0x00,0x13,0x00,0x04,0x00,0x30,0x00,0x00,0x00,0x02,0x00,
    0x3C,0x1E,0x00,0x00,0x3C,0x00,0x28,0x00,0x27,0x00,0x34,0x00,0x06,0x00,0x33,0x00,
    0x00,0x00,0x05,0x00,0xB8,0x1E,0x00,0x00,0x3D,0x00,0x28,0x00,0x1B,0x00,0x34,0x00,
    0x06,0x00,0x2D,0x00,0x00,0x00,0x05,0x00,0x7C,0x1F,0x00,0x00,0x3E,0x00,0x28,0x00,
    0x27,0x00,0x34,0x00,0x06,0x00,0x33,0x00,0x00,0x00,0x05,0x00,0x04,0x20,0x00,0x00,
    0x3F,0x00,0x2C,0x00,0x41,0x00,0x33,0x00,0x01,0x00,0x40,0x00,0x00,0x00,0x06,0x00,
    0xC8,0x20,0x00,0x00,0x40,0x00,0x55,0x00,0x52,0x00,0x5D,0x00,0x04,0x00,0x40,0x00,
    0x00,0x00,0x0B,0x00,0x50,0x22,0x00,0x00,0x41,0x00,0x41,0x00,0x3F,0x00,0x41,0x00,
    0x00,0x00,0x3F,0x00,0x00,0x00,0x09,0x00,0xD8,0x25,0x00,0x00,0x42,0x00,0x35,0x00,
    0x3F,0x00,0x44,0x00,0x0A,0x00,0x3F,0x00,0x00,0x00,0x07,0x00,0x10,0x28,0x00,0x00,
    0x43,0x00,0x39,0x00,0x41,0x00,0x40,0x00,0x04,0x00,0x40,0x00,0x00,0x00,0x08,0x00,
    0xCC,0x29,0x00,0x00,0x44,0x00,0x3C,0x00,0x3F,0x00,0x4A,0x00,0x0A,0x00,0x3F,0x00,
    0x00,0x00,0x08,0x00,0xD4,0x2B,0x00,0x00,0x45,0x00,0x2D,0x00,0x3F,0x00,0x3C,0x00,
    0x0A,0x00,0x3F,0x00,0x00,0x00,0x06,0x00,0xCC,0x2D,0x00,0x00,0x46,0x00,0x2C,0x00,
    0x3F,0x00,0x39,0x00,0x0A,0x00,0x3F,0x00,0x00,0x00,0x06,0x00,0x48,0x2F,0x00,0x00,
    0x47,0x00,0x3A,0x00,0x41,0x00,0x46,0x00,0x04,0x00,0x40,0x00,0x00,0x00,0x08,0x00,
    0xC4,0x30,0x00,0x00,0x48,0x00,0x35,0x00,0x3F,0x00,0x49,0x00,0x0A,0x00,0x3F,0x00,
    0x00,0x00,0x07,0x00,0xCC,0x32,0x00,0x00,0x49,0x00,0x07,0x00,0x3F,0x00,0x1B,0x00,
    0x0A,0x00,0x3F,0x00,0x00,0x00,0x01,0x00,0x88,0x34,0x00,0x00,0x4A,0x00,0x25,0x00,
    0x40,0x00,0x2D,0x00,0xFF,0xFF,0x3F,0x00,0x00,0x00,0x05,0x00,0xC8,0x34,0x00,0x00,
    0x4B,0x00,0x36,0x00,0x3F,0x00,0x40,0x00,0x0A,0x00,0x3F,0x00,0x00,0x00,0x07,0x00,
    0x08,0x36,0x00,0x00,0x4C,0x00,0x2B,0x00,0x3F,0x00,0x35,0x00,0x0A,0x00,0x3F,0x00,
    0x00,0x00,0x06,0x00,0xC4,0x37,0x00,0x00,0x4D,0x00,0x42,0x00,0x3F,0x00,0x56,0x00,
    0x0A,0x00,0x3F,0x00,0x00,0x00,0x09,0x00,0x40,0x39,0x00,0x00,0x4E,0x00,0x35,0x00,
    0x3F,0x00,0x49,0x00,0x0A,0x00,0x3F,0x00,0x00,0x00,0x07,0x00,0x78,0x3B,0x00,0x00,
    0x4F,0x00,0x43,0x00,0x41,0x00,0x4C,0x00,0x04,0x00,0x40,0x00,0x00,0x00,0x09,0x00,
    0x34,0x3D,0x00,0x00,0x50,0x00,0x32,0x00,0x3F,0x00,0x41,0x00,0x0A,0x00,0x3F,0x00,
    0x00,0x00,0x07,0x00,0x80,0x3F,0x00,0x00,0x51,0x00,0x46,0x00,0x4D,0x00,0x4C,0x00,
    0x04,0x00,0x40,0x00,0x00,0x00,0x09,0x00,0x3C,0x41,0x00,0x00,0x52,0x00,0x33,0x00,
    0x3F,0x00,0x41,0x00,0x0A,0x00,0x3F,0x00,0x00,0x00,0x07,0x00,0xF4,0x43,0x00,0x00,
    0x53,0x00,0x30,0x00,0x41,0x00,0x37,0x00,0x04,0x00,0x40,0x00,0x00,0x00,0x06,0x00,
    0xB0,0x45,0x00,0x00,0x54,0x00,0x34,0x00,0x3F,0x00,0x34,0x00,0x00,0x00,0x3F,0x00,
    0x00,0x00,0x07,0x00,0x38,0x47,0x00,0x00,0x55,0x00,0x35,0x00,0x40,0x00,0x47,0x00,
    0x09,0x00,0x3F,0x00,0x00,0x00,0x07,0x00,0xF4,0x48,0x00,0x00,0x56,0x00,0x3F,0x00,
    0x3F,0x00,0x3F,0x00,0x00,0x00,0x3F,0x00,0x00,0x00,0x08,0x00,0xB4,0x4A,0x00,0x00,
    0x57,0x00,0x5E,0x00,0x3F,0x00,0x64,0x00,0x03,0x00,0x3F,0x00,0x00,0x00,0x0C,0x00,
    0xAC,0x4C,0x00,0x00,0x58,0x00,0x39,0x00,0x3F,0x00,0x3B,0x00,0x01,0x00,0x3F,0x00,
    0x00,0x00,0x08,0x00,0xA0,0x4F,0x00,0x00,0x59,0x00,0x3A,0x00,0x3F,0x00,0x39,0x00,
    0x00,0x00,0x3F,0x00,0x00,0x00,0x08,0x00,0x98,0x51,0x00,0x00,0x5A,0x00,0x34,0x00,
    0x3F,0x00,0x3B,0x00,0x04,0x00,0x3F,0x00,0x00,0x00,0x07,0x00,0x90,0x53,0x00,0x00,
    0x5B,0x00,0x11,0x00,0x55,0x00,0x1D,0x00,0x0A,0x00,0x43,0x00,0x00,0x00,0x03,0x00,
    0x4C,0x55,0x00,0x00,0x5C,0x00,0x25,0x00,0x55,0x00,0x1E,0x00,0xFC,0xFF,0x4C,0x00,
    0x00,0x00,0x05,0x00,0x4C,0x56,0x00,0x00,0x5D,0x00,0x12,0x00,0x55,0x00,0x1D,0x00,
    0x01,0x00,0x43,0x00,0x00,0x00,0x03,0x00,0xF8,0x57,0x00,0x00,0x5E,0x00,0x26,0x00,
    0x27,0x00,0x34,0x00,0x07,0x00,0x33,0x00,0x00,0x00,0x05,0x00,0xF8,0x58,0x00,0x00,
    0x5F,0x00,0x2D,0x00,0x05,0x00,0x2D,0x00,0x00,0x00,0x00,0x00,0x00,0x00,0x06,0x00,
    0xBC,0x59,0x00,0x00,0x60,0x00,0x16,0x00,0x0C,0x00,0x36,0x00,0x0B,0x00,0x42,0x00,
    0x00,0x00,0x03,0x00,0xDC,0x59,0x00,0x00,0x61,0x00,0x29,0x00,0x31,0x00,0x35,0x00,
    0x04,0x00,0x30,0x00,0x00,0x00,0x06,0x00,0x00,0x5A,0x00,0x00,0x62,0x00,0x31,0x00,
    0x44,0x00,0x3D,0x00,0x08,0x00,0x43,0x00,0x00,0x00,0x07,0x00,0x28,0x5B,0x00,0x00,
    0x63,0x00,0x2C,0x00,0x31,0x00,0x33,0x00,0x04,0x00,0x30,0x00,0x00,0x00,0x06,0x00,
    0x04,0x5D,0x00,0x00,0x64,0x00,0x31,0x00,0x44,0x00,0x3D,0x00,0x04,0x00,0x43,0x00,
    0x00,0x00,0x07,0x00,0x2C,0x5E,0x00,0x00,0x65,0x00,0x2F,0x00,0x31,0x00,0x36,0x00,
    0x04,0x00,0x30,0x00,0x00,0x00,0x06,0x00,0x08,0x60,0x00,0x00,0x66,0x00,0x21,0x00,
    0x44,0x00,0x1F,0x00,0x01,0x00,0x44,0x00,0x00,0x00,0x05,0x00,0x30,0x61,0x00,0x00,
    0x67,0x00,0x31,0x00,0x42,0x00,0x3E,0x00,0x04,0x00,0x30,0x00,0x00,0x00,0x07,0x00,
    0x84,0x62,0x00,0x00,0x68,0x00,0x2D,0x00,0x43,0x00,0x3D,0x00,0x08,0x00,0x43,0x00,
    0x00,0x00,0x06,0x00,0x54,0x64,0x00,0x00,0x69,0x00,0x0A,0x00,0x43,0x00,0x18,0x00,
    0x07,0x00,0x43,0x00,0x00,0x00,0x02,0x00,0xE8,0x65,0x00,0x00,0x6A,0x00,0x1B,0x00,
    0x55,0x00,0x19,0x00,0xF7,0xFF,0x43,0x00,0x00,0x00,0x04,0x00,0x70,0x66,0x00,0x00,
    0x6B,0x00,0x2E,0x00,0x43,0x00,0x36,0x00,0x08,0x00,0x43,0x00,0x00,0x00,0x06,0x00,
    0xC4,0x67,0x00,0x00,0x6C,0x00,0x08,0x00,0x43,0x00,0x18,0x00,0x08,0x00,0x43,0x00,
    0x00,0x00,0x01,0x00,0x58,0x69,0x00,0x00,0x6D,0x00,0x50,0x00,0x30,0x00,0x5F,0x00,
    0x08,0x00,0x30,0x00,0x00,0x00,0x0A,0x00,0x9C,0x69,0x00,0x00,0x6E,0x00,0x2D,0x00,
    0x30,0x00,0x3D,0x00,0x08,0x00,0x30,0x00,0x00,0x00,0x06,0x00,0x7C,0x6B,0x00,0x00,
    0x6F,0x00,0x31,0x00,0x31,0x00,0x38,0x00,0x04,0x00,0x30,0x00,0x00,0x00,0x07,0x00,
    0x9C,0x6C,0x00,0x00,0x70,0x00,0x31,0x00,0x42,0x00,0x3D,0x00,0x08,0x00,0x30,0x00,
    0x00,0x00,0x07,0x00,0xF4,0x6D,0x00,0x00,0x71,0x00,0x31,0x00,0x42,0x00,0x3D,0x00,
    0x04,0x00,0x30,0x00,0x00,0x00,0x07,0x00,0xC4,0x6F,0x00,0x00,0x72,0x00,0x19,0x00,
    0x30,0x00,0x24,0x00,0x08,0x00,0x30,0x00,0x00,0x00,0x04,0x00,0x94,0x71,0x00,0x00,
    0x73,0x00,0x28,0x00,0x31,0x00,0x2C,0x00,0x02,0x00,0x30,0x00,0x00,0x00,0x05,0x00,
    0x54,0x72,0x00,0x00,0x74,0x00,0x21,0x00,0x3B,0x00,0x25,0x00,0x01,0x00,0x3A,0x00,
    0x00,0x00,0x05,0x00,0x4C,0x73,0x00,0x00,0x75,0x00,0x2C,0x00,0x31,0x00,0x3C,0x00,
    0x08,0x00,0x30,0x00,0x00,0x00,0x06,0x00,0x74,0x74,0x00,0x00,0x76,0x00,0x31,0x00,
    0x30,0x00,0x31,0x00,0x00,0x00,0x30,0x00,0x00,0x00,0x07,0x00,0x9C,0x75,0x00,0x00,
    0x77,0x00,0x4F,0x00,0x30,0x00,0x4F,0x00,0x00,0x00,0x30,0x00,0x00,0x00,0x0A,0x00,
    0xEC,0x76,0x00,0x00,0x78,0x00,0x2E,0x00,0x30,0x00,0x30,0x00,0x01,0x00,0x30,0x00,
    0x00,0x00,0x06,0x00,0xCC,0x78,0x00,0x00,0x79,0x00,0x34,0x00,0x42,0x00,0x31,0x00,
    0xFD,0xFF,0x30,0x00,0x00,0x00,0x07,0x00,0xEC,0x79,0x00,0x00,0x7A,0x00,0x28,0x00,
    0x30,0x00,0x2E,0x00,0x03,0x00,0x30,0x00,0x00,0x00,0x05,0x00,0xBC,0x7B,0x00,0x00,
    0x7B,0x00,0x18,0x00,0x55,0x00,0x1E,0x00,0x05,0x00,0x43,0x00,0x00,0x00,0x03,0x00,
    0xAC,0x7C,0x00,0x00,0x7C,0x00,0x07,0x00,0x55,0x00,0x1A,0x00,0x0A,0x00,0x43,0x00,
    0x00,0x00,0x01,0x00,0xAC,0x7D,0x00,0x00,0x7D,0x00,0x18,0x00,0x55,0x00,0x1E,0x00,
    0x01,0x00,0x43,0x00,0x00,0x00,0x03,0x00,0x04,0x7E,0x00,0x00,0x7E,0x00,0x2A,0x00,
    0x0F,0x00,0x34,0x00,0x05,0x00,0x27,0x00,0x00,0x00,0x06,0x00,0x04,0x7F,0x00,0x00,
};

/*********************************
 * raw font glyph data
 ********************************/
const uint8_t FontBig_glyphs[32608] =
{
    0x3F,0x80,0x3F,0x80,0x3F,0x80,0x3F,0x80,0x3F,0x80,0x3F,0x80,0x3F,0x80,0x3F,0x80,
    0x3F,0x80,0x3F,0x80,0x3F,0x80,0x3F,0x80,0x3F,0x80,0x3F,0x80,0x3F,0x80,0x3F,0x80,
    0x3F,0x80,0x3F,0x80,0x3F,0x80,0x3F,0x80,0x1F,0x80,0x1F,0x80,0x1F,0x80,0x1F,0x80,
    0x1F,0x80,0x1F,0x80,0x1F,0x80,0x1F,0x80,0x1F,0x80,0x1F,0x80,0x1F,0x80,0x1F,0x80,
    0x1F,0x00,0x1F,0x00,0x1F,0x00,0x1F,0x00,0x1F,0x00,0x1F,0x00,0x1F,0x00,0x1F,0x00,
    0x1F,0x00,0x1F,0x00,0x1F,0x00,0x1F,0x00,0x00,0x00,0x00,0x00,0x00,0x00,0x00,0x00,
    0x00,0x00,0x00,0x00,0x00,0x00,0x00,0x00,0x00,0x00,0x00,0x00,0x0F,0x00,0x3F,0x80,
    0x3F,0xC0,0x7F,0xC0,0x7F,0xC0,0x7F,0xC0,0x7F,0xC0,0x3F,0xC0,0x1F,0x80,0x00,0x00,
    0xFC,0x00,0xF8,0xFC,0x00,0xF8,0xFC,0x00,0xF8,0xFC,0x00,0xF8,0xFC,0x00,0xF8,0xFC,
    0x00,0xF8,0xFC,0x00,0xF8,0xFC,0x00,0xF8,0xFC,0x00,0xF8,0xFC,0x00,0xF8,0xFC,0x00,
    0xF8,0xFC,0x00,0xF8,0xFC,0x00,0xF8,0xFC,0x00,0xF8,0xFC,0x00,0xF8,0xFC,0x00,0xF8,
    0x7C,0x00,0xF8,0x7C,0x00,0xF8,0x7C,0x00,0xF8,0x7C,0x00,0xF8,0x7C,0x00,0xF8,0x78,
    0x00,0xF8,0x78,0x00,0xF8,0x78,0x00,0xF8,0x00,0x00,0x1F,0x00,0x00,0x3E,0x00,0x00,
    0x00,0x00,0x1F,0x00,0x00,0x3E,0x00,0x00,0x00,0x00,0x1F,0x00,0x00,0x3E,0x00,0x00,
    0x00,0x00,0x1F,0x00,0x00,0x3E,0x00,0x00,0x00,0x00,0x1E,0x00,0x00,0x3E,0x00,0x00,
    0x00,0x00,0x3E,0x00,0x00,0x3E,0x00,0x00,0x00,0x00,0x3E,0x00,0x00,0x3E,0x00,0x00,
    0x00,0x00,0x3E,0x00,0x00,0x3C,0x00,0x00,0x00,0x00,0x3E,0x00,0x00,0x7C,0x00,0x00,
    0x00,0x00,0x3E,0x00,0x00,0x7C,0x00,0x00,0x00,0x00,0x3E,0x00,0x00,0x7C,0x00,0x00,
    0x00,0x00,0x3E,0x00,0x00,0x7C,0x00,0x00,0x00,0x00,0x3C,0x00,0x00,0x7C,0x00,0x00,
    0x00,0x00,0x7C,0x00,0x00,0x7C,0x00,0x00,0x00,0x00,0x7C,0x00,0x00,0x7C,0x00,0x00,
    0x00,0x00,0x7C,0x00,0x00,0x78,0x00,0x00,0x00,0x00,0x7C,0x00,0x00,0xF8,0x00,0x00,
    0x0F,0xFF,0xFF,0xFF,0xFF,0xFF,0xFF,0xC0,0x1F,0xFF,0xFF,0xFF,0xFF,0xFF,0xFF,0xC0,
    0x1F,0xFF,0xFF,0xFF,0xFF,0xFF,0xFF,0xC0,0x1F,0xFF,0xFF,0xFF,0xFF,0xFF,0xFF,0xC0,
    0x1F,0xFF,0xFF,0xFF,0xFF,0xFF,0xFF,0xC0,0x00,0x00,0xF8,0x00,0x00,0xF8,0x00,0x00,
    0x00,0x00,0xF8,0x00,0x00,0xF0,0x00,0x00,0x00,0x00,0xF8,0x00,0x01,0xF0,0x00,0x00,
    0x00,0x00,0xF8,0x00,0x01,0xF0,0x00,0x00,0x00,0x00,0xF8,0x00,0x01,0xF0,0x00,0x00,
    0x00,0x00,0xF8,0x00,0x01,0xF0,0x00,0x00,0x00,0x00,0xF0,0x00,0x01,0xF0,0x00,0x00,
    0x00,0x01,0xF0,0x00,0x01,0xF0,0x00,0x00,0x00,0x01,0xF0,0x00,0x01,0xF0,0x00,0x00,
    0x00,0x01,0xF0,0x00,0x01,0xE0,0x00,0x00,0x00,0x01,0xF0,0x00,0x03,0xE0,0x00,0x00,
    0x00,0x01,0xF0,0x00,0x03,0xE0,0x00,0x00,0x00,0x01,0xF0,0x00,0x03,0xE0,0x00,0x00,
    0x00,0x01,0xF0,0x00,0x03,0xE0,0x00,0x00,0x00,0x01,0xE0,0x00,0x03,0xE0,0x00,0x00,
    0x00,0x03,0xE0,0x00,0x03,0xE0,0x00,0x00,0x00,0x03,0xE0,0x00,0x03,0xE0,0x00,0x00,
    0x00,0x03,0xE0,0x00,0x03,0xC0,0x00,0x00,0x00,0x03,0xE0,0x00,0x07,0xC0,0x00,0x00,
    0x7F,0xFF,0xFF,0xFF,0xFF,0xFF,0xFE,0x00,0x7F,0xFF,0xFF,0xFF,0xFF,0xFF,0xFE,0x00,
    0x7F,0xFF,0xFF,0xFF,0xFF,0xFF,0xFE,0x00,0x7F,0xFF,0xFF,0xFF,0xFF,0xFF,0xFE,0x00,
    0x7F,0xFF,0xFF,0xFF,0xFF,0xFF,0xFE,0x00,0x00,0x07,0xC0,0x00,0x07,0xC0,0x00,0x00,
    0x00,0x07,0xC0,0x00,0x07,0x80,0x00,0x00,0x00,0x07,0xC0,0x00,0x0F,0x80,0x00,0x00,
    0x00,0x07,0xC0,0x00,0x0F,0x80,0x00,0x00,0x00,0x07,0xC0,0x00,0x0F,0x80,0x00,0x00,
    0x00,0x07,0xC0,0x00,0x0F,0x80,0x00,0x00,0x00,0x07,0x80,0x00,0x0F,0x80,0x00,0x00,
    0x00,0x0F,0x80,0x00,0x0F,0x80,0x00,0x00,0x00,0x0F,0x80,0x00,0x0F,0x80,0x00,0x00,
    0x00,0x0F,0x80,0x00,0x0F,0x80,0x00,0x00,0x00,0x0F,0x80,0x00,0x0F,0x00,0x00,0x00,
    0x00,0x0F,0x80,0x00,0x1F,0x00,0x00,0x00,0x00,0x0F,0x80,0x00,0x1F,0x00,0x00,0x00,
    0x00,0x0F,0x80,0x00,0x1F,0x00,0x00,0x00,0x00,0x0F,0x80,0x00,0x1F,0x00,0x00,0x00,
    0x00,0x1F,0x00,0x00,0x1F,0x00,0x00,0x00,0x00,0x1F,0x00,0x00,0x1F,0x00,0x00,0x00,
    0x00,0x00,0x03,0xC0,0x00,0x00,0x00,0x00,0x03,0xC0,0x00,0x00,0x00,0x00,0x03,0xC0,
    0x00,0x00,0x00,0x00,0x03,0xC0,0x00,0x00,0x00,0x00,0x03,0xC0,0x00,0x00,0x00,0x00,
    0x03,0xC0,0x00,0x00,0x00,0x00,0x03,0xC0,0x00,0x00,0x00,0x00,0x03,0xC0,0x00,0x00,
    0x00,0x00,0x03,0xC0,0x00,0x00,0x00,0x00,0x03,0xC0,0x00,0x00,0x00,0x00,0x07,0xE0,
    0x00,0x00,0x00,0x00,0xFF,0xFF,0xC0,0x00,0x00,0x07,0xFF,0xFF,0xF8,0x00,0x00,0x1F,
    0xFF,0xFF,0xFF,0x00,0x00,0x7F,0xFF,0xFF,0xFF,0xC0,0x00,0xFF,0xFF,0xFF,0xFF,0xF0,
    0x03,0xFF,0xF3,0xC3,0xFF,0xF0,0x07,0xFF,0x03,0xC0,0x3F,0xF0,0x07,0xFC,0x03,0xC0,
    0x07,0xE0,0x0F,0xF0,0x03,0xC0,0x01,0xE0,0x1F,0xE0,0x03,0xC0,0x00,0x60,0x1F,0xC0,
    0x03,0xC0,0x00,0x00,0x1F,0xC0,0x03,0xC0,0x00,0x00,0x3F,0x80,0x03,0xC0,0x00,0x00,
    0x3F,0x80,0x03,0xC0,0x00,0x00,0x3F,0x80,0x03,0xC0,0x00,0x00,0x3F,0x00,0x03,0xC0,
    0x00,0x00,0x3F,0x00,0x03,0xC0,0x00,0x00,0x3F,0x00,0x03,0xC0,0x00,0x00,0x3F,0x80,
    0x03,0xC0,0x00,0x00,0x3F,0x80,0x03,0xC0,0x00,0x00,0x3F,0x80,0x03,0xC0,0x00,0x00,
    0x3F,0xC0,0x03,0xC0,0x00,0x00,0x1F,0xC0,0x03,0xC0,0x00,0x00,0x1F,0xF0,0x03,0xC0,
    0x00,0x00,0x0F,0xF8,0x03,0xC0,0x00,0x00,0x0F,0xFE,0x03,0xC0,0x00,0x00,0x07,0xFF,
    0x83,0xC0,0x00,0x00,0x03,0xFF,0xFF,0xC0,0x00,0x00,0x01,0xFF,0xFF,0xC0,0x00,0x00,
    0x00,0x7F,0xFF,0xF8,0x00,0x00,0x00,0x1F,0xFF,0xFF,0x00,0x00,0x00,0x07,0xFF,0xFF,
    0xE0,0x00,0x00,0x00,0xFF,0xFF,0xFC,0x00,0x00,0x00,0x1F,0xFF,0xFF,0x00,0x00,0x00,
    0x03,0xFF,0xFF,0x80,0x00,0x00,0x03,0xDF,0xFF,0xC0,0x00,0x00,0x03,0xC1,0xFF,0xE0,
    0x00,0x00,0x03,0xC0,0x7F,0xF0,0x00,0x00,0x03,0xC0,0x1F,0xF8,0x00,0x00,0x03,0xC0,
    0x07,0xFC,0x00,0x00,0x03,0xC0,0x03,0xFC,0x00,0x00,0x03,0xC0,0x01,0xFC,0x00,0x00,
    0x03,0xC0,0x00,0xFE,0x00,0x00,0x03,0xC0,0x00,0xFE,0x00,0x00,0x03,0xC0,0x00,0xFE,
    0x00,0x00,0x03,0xC0,0x00,0xFE,0x00,0x00,0x03,0xC0,0x00,0x7E,0x00,0x00,0x03,0xC0,
    0x00,0x7E,0x00,0x00,0x03,0xC0,0x00,0xFE,0x00,0x00,0x03,0xC0,0x00,0xFE,0x00,0x00,
    0x03,0xC0,0x00,0xFE,0x30,0x00,0x03,0xC0,0x01,0xFC,0x3C,0x00,0x03,0xC0,0x01,0xFC,
    0x7E,0x00,0x03,0xC0,0x03,0xF8,0x7F,0x80,0x03,0xC0,0x07,0xF8,0xFF,0xE0,0x03,0xC0,
    0x1F,0xF0,0x7F,0xFC,0x03,0xC0,0x7F,0xE0,0x1F,0xFF,0xE3,0xC7,0xFF,0xC0,0x0F,0xFF,
    0xFF,0xFF,0xFF,0x80,0x03,0xFF,0xFF,0xFF,0xFF,0x00,0x00,0xFF,0xFF,0xFF,0xFC,0x00,
    0x00,0x1F,0xFF,0xFF,0xF0,0x00,0x00,0x03,0xFF,0xFF,0x80,0x00,0x00,0x00,0x07,0xE0,
    0x00,0x00,0x00,0x00,0x03,0xC0,0x00,0x00,0x00,0x00,0x03,0xC0,0x00,0x00,0x00,0x00,
    0x03,0xC0,0x00,0x00,0x00,0x00,0x03,0xC0,0x00,0x00,0x00,0x00,0x03,0xC0,0x00,0x00,
    0x00,0x00,0x03,0xC0,0x00,0x00,0x00,0x00,0x03,0xC0,0x00,0x00,0x00,0x00,0x03,0xC0,
    0x00,0x00,0x00,0x00,0x03,0xC0,0x00,0x00,0x00,0x00,0x03,0xC0,0x00,0x00,0x00,0x00,
    0x00,0x00,0x00,0x00,0x00,0x00,0x00,0x00,0x00,0x00,0x3F,0xF0,0x00,0x00,0x00,0x07,
    0xC0,0x00,0x00,0xFF,0xFC,0x00,0x00,0x00,0x0F,0x80,0x00,0x03,0xFF,0xFF,0x00,0x00,
    0x00,0x1F,0x80,0x00,0x07,0xFF,0xFF,0x80,0x00,0x00,0x1F,0x00,0x00,0x0F,0xE0,0x1F,
    0xC0,0x00,0x00,0x3E,0x00,0x00,0x0F,0x80,0x07,0xC0,0x00,0x00,0x7E,0x00,0x00,0x1F,
    0x00,0x03,0xE0,0x00,0x00,0x7C,0x00,0x00,0x1F,0x00,0x03,0xE0,0x00,0x00,0xF8,0x00,
    0x00,0x3E,0x00,0x01,0xF0,0x00,0x01,0xF8,0x00,0x00,0x3E,0x00,0x01,0xF0,0x00,0x01,
    0xF0,0x00,0x00,0x3C,0x00,0x00,0xF0,0x00,0x03,0xE0,0x00,0x00,0x7C,0x00,0x00,0xF8,
    0x00,0x07,0xE0,0x00,0x00,0x7C,0x00,0x00,0xF8,0x00,0x07,0xC0,0x00,0x00,0x78,0x00,
    0x00,0x78,0x00,0x0F,0x80,0x00,0x00,0x78,0x00,0x00,0x78,0x00,0x1F,0x80,0x00,0x00,
    0x78,0x00,0x00,0x78,0x00,0x1F,0x00,0x00,0x00,0x78,0x00,0x00,0x78,0x00,0x3E,0x00,
    0x00,0x00,0x78,0x00,0x00,0x78,0x00,0x7E,0x00,0x00,0x00,0x78,0x00,0x00,0x78,0x00,
    0x7C,0x00,0x00,0x00,0x78,0x00,0x00,0x78,0x00,0xF8,0x00,0x00,0x00,0x7C,0x00,0x00,
    0xF8,0x01,0xF0,0x00,0x00,0x00,0x7C,0x00,0x00,0xF8,0x03,0xF0,0x00,0x00,0x00,0x7C,
    0x00,0x00,0xF8,0x03,0xE0,0x00,0x00,0x00,0x3C,0x00,0x00,0xF0,0x07,0xC0,0x00,0x00,
    0x00,0x3E,0x00,0x01,0xF0,0x0F,0xC0,0x00,0x00,0x00,0x3E,0x00,0x01,0xE0,0x0F,0x80,
    0x00,0x00,0x00,0x1F,0x00,0x03,0xE0,0x1F,0x00,0x00,0x00,0x00,0x0F,0x80,0x07,0xC0,
    0x3F,0x00,0x00,0x00,0x00,0x0F,0xC0,0x0F,0xC0,0x3E,0x00,0x00,0x00,0x00,0x07,0xF8,
    0x7F,0x80,0x7C,0x00,0x1F,0x00,0x00,0x03,0xFF,0xFF,0x00,0xFC,0x00,0xFF,0xF0,0x00,
    0x01,0xFF,0xFE,0x00,0xF8,0x03,0xFF,0xF8,0x00,0x00,0x7F,0xF8,0x01,0xF0,0x07,0xFF,
    0xFE,0x00,0x00,0x0F,0xC0,0x03,0xF0,0x0F,0xF0,0xFF,0x00,0x00,0x00,0x00,0x03,0xE0,
    0x1F,0x80,0x3F,0x00,0x00,0x00,0x00,0x07,0xC0,0x3F,0x00,0x1F,0x80,0x00,0x00,0x00,
    0x0F,0xC0,0x3E,0x00,0x0F,0xC0,0x00,0x00,0x00,0x0F,0x80,0x7C,0x00,0x07,0xC0,0x00,
    0x00,0x00,0x1F,0x00,0x78,0x00,0x03,0xE0,0x00,0x00,0x00,0x3F,0x00,0xF8,0x00,0x03,
    0xE0,0x00,0x00,0x00,0x3E,0x00,0xF8,0x00,0x01,0xE0,0x00,0x00,0x00,0x7C,0x00,0xF0,
    0x00,0x01,0xE0,0x00,0x00,0x00,0xF8,0x00,0xF0,0x00,0x01,0xF0,0x00,0x00,0x01,0xF8,
    0x00,0xF0,0x00,0x01,0xF0,0x00,0x00,0x01,0xF0,0x01,0xF0,0x00,0x01,0xF0,0x00,0x00,
    0x03,0xE0,0x01,0xF0,0x00,0x01,0xF0,0x00,0x00,0x07,0xE0,0x01,0xF0,0x00,0x01,0xF0,
    0x00,0x00,0x07,0xC0,0x01,0xF0,0x00,0x01,0xF0,0x00,0x00,0x0F,0x80,0x01,0xF0,0x00,
    0x01,0xF0,0x00,0x00,0x1F,0x80,0x00,0xF0,0x00,0x01,0xF0,0x00,0x00,0x1F,0x00,0x00,
    0xF0,0x00,0x01,0xF0,0x00,0x00,0x3E,0x00,0x00,0xF0,0x00,0x01,0xE0,0x00,0x00,0x7E,
    0x00,0x00,0xF8,0x00,0x03,0xE0,0x00,0x00,0x7C,0x00,0x00,0xF8,0x00,0x03,0xE0,0x00,
    0x00,0xF8,0x00,0x00,0x7C,0x00,0x03,0xC0,0x00,0x01,0xF8,0x00,0x00,0x7C,0x00,0x07,
    0xC0,0x00,0x01,0xF0,0x00,0x00,0x3E,0x00,0x0F,0x80,0x00,0x03,0xE0,0x00,0x00,0x3F,
    0x00,0x1F,0x80,0x00,0x07,0xE0,0x00,0x00,0x1F,0xC0,0x3F,0x00,0x00,0x07,0xC0,0x00,
    0x00,0x0F,0xFF,0xFE,0x00,0x00,0x0F,0x80,0x00,0x00,0x07,0xFF,0xFC,0x00,0x00,0x1F,
    0x00,0x00,0x00,0x03,0xFF,0xF8,0x00,0x00,0x3F,0x00,0x00,0x00,0x00,0xFF,0xE0,0x00,
    0x00,0x00,0x00,0x00,0x00,0x00,0x00,0x00,0x00,0x00,0x00,0x00,0x00,0x00,0x00,0x00,
    0x00,0x00,0x00,0x00,0x00,0x3F,0xFE,0x00,0x00,0x00,0x00,0x01,0xFF,0xFF,0x80,0x00,
    0x00,0x00,0x03,0xFF,0xFF,0xC0,0x00,0x00,0x00,0x0F,0xFF,0xFF,0xF0,0x00,0x00,0x00,
    0x1F,0xFC,0x1F,0xF0,0x00,0x00,0x00,0x1F,0xE0,0x03,0xF8,0x00,0x00,0x00,0x3F,0x80,
    0x01,0xFC,0x00,0x00,0x00,0x7F,0x00,0x00,0xFC,0x00,0x00,0x00,0x7E,0x00,0x00,0x7E,
    0x00,0x00,0x00,0x7E,0x00,0x00,0x7E,0x00,0x00,0x00,0x7E,0x00,0x00,0x7E,0x00,0x00,
    0x00,0xFC,0x00,0x00,0x7E,0x00,0x00,0x00,0xFC,0x00,0x00,0x7E,0x00,0x00,0x00,0xFC,
    0x00,0x00,0x7E,0x00,0x00,0x00,0xFC,0x00,0x00,0x7E,0x00,0x00,0x00,0x7E,0x00,0x00,
    0x7C,0x00,0x00,0x00,0x7E,0x00,0x00,0xFC,0x00,0x00,0x00,0x7E,0x00,0x01,0xFC,0x00,
    0x00,0x00,0x7F,0x00,0x01,0xF8,0x00,0x00,0x00,0x3F,0x80,0x03,0xF8,0x00,0x00,0x00,
    0x3F,0x80,0x0F,0xF0,0x00,0x00,0x00,0x1F,0xC0,0x1F,0xE0,0x00,0x00,0x00,0x0F,0xE0,
    0x7F,0xC0,0x00,0x00,0x00,0x0F,0xF0,0xFF,0x80,0x00,0x00,0x00,0x07,0xFB,0xFE,0x00,
    0x00,0x00,0x00,0x03,0xFF,0xFC,0x00,0x00,0x00,0x00,0x01,0xFF,0xF8,0x00,0x00,0x00,
    0x00,0x00,0xFF,0xE0,0x00,0x00,0x00,0x00,0x01,0xFF,0x80,0x00,0x00,0x00,0x00,0x03,
    0xFF,0xC0,0x00,0x00,0x00,0x00,0x0F,0xFF,0xE0,0x00,0x00,0x00,0x00,0x1F,0xFF,0xF0,
    0x00,0x00,0x00,0x00,0x7F,0xC7,0xF8,0x00,0x00,0x00,0x00,0xFF,0x83,0xFC,0x00,0x00,
    0x00,0x01,0xFE,0x01,0xFE,0x00,0x00,0x00,0x03,0xFC,0x00,0xFE,0x00,0x03,0xC0,0x07,
    0xF0,0x00,0x7F,0x00,0x03,0xE0,0x0F,0xE0,0x00,0x3F,0x80,0x03,0xE0,0x1F,0xC0,0x00,
    0x1F,0xC0,0x07,0xE0,0x1F,0x80,0x00,0x0F,0xE0,0x07,0xE0,0x3F,0x80,0x00,0x07,0xF0,
    0x07,0xC0,0x3F,0x00,0x00,0x07,0xF8,0x0F,0xC0,0x7E,0x00,0x00,0x03,0xFC,0x0F,0xC0,
    0x7E,0x00,0x00,0x01,0xFE,0x0F,0x80,0x7E,0x00,0x00,0x00,0xFF,0x1F,0x80,0x7E,0x00,
    0x00,0x00,0x7F,0x9F,0x80,0xFE,0x00,0x00,0x00,0x3F,0xFF,0x00,0xFE,0x00,0x00,0x00,
    0x1F,0xFF,0x00,0xFE,0x00,0x00,0x00,0x0F,0xFE,0x00,0x7E,0x00,0x00,0x00,0x07,0xFE,
    0x00,0x7E,0x00,0x00,0x00,0x03,0xFC,0x00,0x7F,0x00,0x00,0x00,0x01,0xFE,0x00,0x7F,
    0x00,0x00,0x00,0x03,0xFF,0x00,0x3F,0x80,0x00,0x00,0x0F,0xFF,0x80,0x3F,0xC0,0x00,
    0x00,0x1F,0xFF,0xC0,0x1F,0xE0,0x00,0x00,0x7F,0xDF,0xE0,0x0F,0xF8,0x00,0x01,0xFF,
    0x8F,0xF0,0x07,0xFF,0x00,0x0F,0xFF,0x07,0xF8,0x03,0xFF,0xFF,0xFF,0xFE,0x03,0xFC,
    0x01,0xFF,0xFF,0xFF,0xF8,0x01,0xFE,0x00,0x7F,0xFF,0xFF,0xE0,0x00,0xFC,0x00,0x1F,
    0xFF,0xFF,0x80,0x00,0x7C,0x00,0x07,0xFF,0xFC,0x00,0x00,0x38,0x00,0x00,0x0E,0x00,
    0x00,0x00,0x10,0x00,0xFC,0xFC,0xFC,0xFC,0xFC,0xFC,0xFC,0xFC,0xFC,0xFC,0xFC,0xFC,
    0xFC,0xFC,0xFC,0xFC,0x7C,0x7C,0x7C,0x7C,0x7C,0x78,0x78,0x78,0x00,0x1F,0x80,0x00,
    0x3F,0x00,0x00,0x7F,0x00,0x00,0x7E,0x00,0x00,0xFE,0x00,0x00,0xFC,0x00,0x01,0xFC,
    0x00,0x01,0xF8,0x00,0x01,0xF8,0x00,0x03,0xF0,0x00,0x03,0xF0,0x00,0x07,0xF0,0x00,
    0x07,0xE0,0x00,0x07,0xE0,0x00,0x0F,0xE0,0x00,0x0F,0xC0,0x00,0x0F,0xC0,0x00,0x0F,
    0xC0,0x00,0x1F,0x80,0x00,0x1F,0x80,0x00,0x1F,0x80,0x00,0x1F,0x80,0x00,0x3F,0x80,
    0x00,0x3F,0x00,0x00,0x3F,0x00,0x00,0x3F,0x00,0x00,0x3F,0x00,0x00,0x7F,0x00,0x00,
    0x7F,0x00,0x00,0x7E,0x00,0x00,0x7E,0x00,0x00,0x7E,0x00,0x00,0x7E,0x00,0x00,0x7E,
    0x00,0x00,0x7E,0x00,0x00,0x7E,0x00,0x00,0x7E,0x00,0x00,0xFE,0x00,0x00,0xFE,0x00,
    0x00,0xFE,0x00,0x00,0xFE,0x00,0x00,0xFE,0x00,0x00,0xFE,0x00,0x00,0xFE,0x00,0x00,
    0xFE,0x00,0x00,0xFE,0x00,0x00,0xFE,0x00,0x00,0xFE,0x00,0x00,0x7E,0x00,0x00,0x7E,
    0x00,0x00,0x7E,0x00,0x00,0x7E,0x00,0x00,0x7E,0x00,0x00,0x7E,0x00,0x00,0x7E,0x00,
    0x00,0x7E,0x00,0x00,0x7F,0x00,0x00,0x7F,0x00,0x00,0x3F,0x00,0x00,0x3F,0x00,0x00,
    0x3F,0x00,0x00,0x3F,0x00,0x00,0x3F,0x80,0x00,0x1F,0x80,0x00,0x1F,0x80,0x00,0x1F,
    0x80,0x00,0x1F,0xC0,0x00,0x0F,0xC0,0x00,0x0F,0xC0,0x00,0x0F,0xC0,0x00,0x07,0xE0,
    0x00,0x07,0xE0,0x00,0x07,0xE0,0x00,0x03,0xF0,0x00,0x03,0xF0,0x00,0x03,0xF8,0x00,
    0x01,0xF8,0x00,0x01,0xF8,0x00,0x00,0xFC,0x00,0x00,0xFC,0x00,0x00,0x7E,0x00,0x00,
    0x7E,0x00,0x00,0x3F,0x00,0x00,0x3F,0x00,0x00,0x00,0x00,0x00,0x7E,0x00,0x00,0x7F,
    0x00,0x00,0x3F,0x00,0x00,0x3F,0x80,0x00,0x1F,0x80,0x00,0x1F,0xC0,0x00,0x0F,0xC0,
    0x00,0x0F,0xE0,0x00,0x07,0xE0,0x00,0x07,0xE0,0x00,0x03,0xF0,0x00,0x03,0xF0,0x00,
    0x03,0xF8,0x00,0x01,0xF8,0x00,0x01,0xF8,0x00,0x01,0xFC,0x00,0x00,0xFC,0x00,0x00,
    0xFC,0x00,0x00,0xFC,0x00,0x00,0xFE,0x00,0x00,0x7E,0x00,0x00,0x7E,0x00,0x00,0x7E,
    0x00,0x00,0x7F,0x00,0x00,0x7F,0x00,0x00,0x3F,0x00,0x00,0x3F,0x00,0x00,0x3F,0x00,
    0x00,0x3F,0x00,0x00,0x3F,0x00,0x00,0x3F,0x80,0x00,0x3F,0x80,0x00,0x1F,0x80,0x00,
    0x1F,0x80,0x00,0x1F,0x80,0x00,0x1F,0x80,0x00,0x1F,0x80,0x00,0x1F,0x80,0x00,0x1F,
    0x80,0x00,0x1F,0x80,0x00,0x1F,0x80,0x00,0x1F,0x80,0x00,0x1F,0x80,0x00,0x1F,0x80,
    0x00,0x1F,0x80,0x00,0x1F,0x80,0x00,0x1F,0x80,0x00,0x1F,0x80,0x00,0x1F,0x80,0x00,
    0x1F,0x80,0x00,0x1F,0x80,0x00,0x1F,0x80,0x00,0x3F,0x80,0x00,0x3F,0x80,0x00,0x3F,
    0x80,0x00,0x3F,0x00,0x00,0x3F,0x00,0x00,0x3F,0x00,0x00,0x3F,0x00,0x00,0x3F,0x00,
    0x00,0x7F,0x00,0x00,0x7E,0x00,0x00,0x7E,0x00,0x00,0x7E,0x00,0x00,0x7E,0x00,0x00,
    0xFE,0x00,0x00,0xFC,0x00,0x00,0xFC,0x00,0x01,0xFC,0x00,0x01,0xF8,0x00,0x01,0xF8,
    0x00,0x01,0xF8,0x00,0x03,0xF0,0x00,0x03,0xF0,0x00,0x07,0xF0,0x00,0x07,0xE0,0x00,
    0x07,0xE0,0x00,0x0F,0xC0,0x00,0x0F,0xC0,0x00,0x1F,0x80,0x00,0x1F,0x80,0x00,0x3F,
    0x00,0x00,0x3F,0x00,0x00,0x7E,0x00,0x00,0x00,0x00,0x00,0x00,0x00,0x03,0xC0,0x00,
    0x00,0x03,0xC0,0x00,0x00,0x03,0xC0,0x00,0x00,0x03,0xC0,0x00,0x00,0x03,0xC0,0x00,
    0x00,0x03,0xC0,0x00,0x00,0x03,0xC0,0x00,0x18,0x03,0xC0,0x0C,0x3E,0x03,0xC0,0x3E,
    0x7F,0x03,0xC0,0xFE,0x3F,0xC3,0xC1,0xFE,0x1F,0xF3,0xC7,0xF8,0x07,0xFF,0xFF,0xF0,
    0x01,0xFF,0xFF,0xC0,0x00,0x7F,0xFF,0x00,0x00,0x3F,0xFC,0x00,0x00,0x0F,0xF8,0x00,
    0x00,0x3F,0xFC,0x00,0x00,0x7F,0xFF,0x00,0x01,0xFF,0xFF,0xC0,0x07,0xFF,0xFF,0xF0,
    0x1F,0xF3,0xC7,0xF8,0x3F,0xC3,0xC1,0xFE,0x7F,0x03,0xC0,0xFE,0x3E,0x03,0xC0,0x3E,
    0x18,0x03,0xC0,0x0C,0x00,0x03,0xC0,0x00,0x00,0x03,0xC0,0x00,0x00,0x03,0xC0,0x00,
    0x00,0x03,0xC0,0x00,0x00,0x03,0xC0,0x00,0x00,0x03,0xC0,0x00,0x00,0x03,0xC0,0x00,
    0x00,0x00,0x7C,0x00,0x00,0x00,0x00,0x7E,0x00,0x00,0x00,0x00,0x7E,0x00,0x00,0x00,
    0x00,0x7E,0x00,0x00,0x00,0x00,0x7E,0x00,0x00,0x00,0x00,0x7E,0x00,0x00,0x00,0x00,
    0x7E,0x00,0x00,0x00,0x00,0x7E,0x00,0x00,0x00,0x00,0x7E,0x00,0x00,0x00,0x00,0x7E,
    0x00,0x00,0x00,0x00,0x7E,0x00,0x00,0x00,0x00,0x7E,0x00,0x00,0x00,0x00,0x7E,0x00,
    0x00,0x00,0x00,0x7E,0x00,0x00,0x00,0x00,0x7E,0x00,0x00,0x00,0x00,0x7E,0x00,0x00,
    0x00,0x00,0x7E,0x00,0x00,0xFF,0xFF,0xFF,0xFF,0xFE,0xFF,0xFF,0xFF,0xFF,0xFE,0xFF,
    0xFF,0xFF,0xFF,0xFE,0xFF,0xFF,0xFF,0xFF,0xFE,0xFF,0xFF,0xFF,0xFF,0xFE,0x00,0x00,
    0x7E,0x00,0x00,0x00,0x00,0x7E,0x00,0x00,0x00,0x00,0x7E,0x00,0x00,0x00,0x00,0x7E,
    0x00,0x00,0x00,0x00,0x7E,0x00,0x00,0x00,0x00,0x7E,0x00,0x00,0x00,0x00,0x7E,0x00,
    0x00,0x00,0x00,0x7E,0x00,0x00,0x00,0x00,0x7E,0x00,0x00,0x00,0x00,0x7E,0x00,0x00,
    0x00,0x00,0x7E,0x00,0x00,0x00,0x00,0x7E,0x00,0x00,0x00,0x00,0x7E,0x00,0x00,0x00,
    0x00,0x7E,0x00,0x00,0x00,0x00,0x7E,0x00,0x00,0x00,0x00,0x7E,0x00,0x00,0x00,0x00,
    0x7C,0x00,0x00,0x00,0x00,0x00,0x1F,0x00,0x3F,0x80,0x7F,0xC0,0x7F,0xC0,0x7F,0xC0,
    0x7F,0xC0,0x7F,0xC0,0x3F,0xC0,0x1F,0xC0,0x0F,0x80,0x0F,0x80,0x0F,0x80,0x1F,0x00,
    0x1F,0x00,0x1F,0x00,0x1E,0x00,0x3E,0x00,0x3E,0x00,0x3C,0x00,0x3C,0x00,0x7C,0x00,
    0x7C,0x00,0x00,0x00,0x00,0x00,0x00,0xFF,0xFF,0xFF,0xFF,0xFF,0xFF,0xFF,0xFF,0xFF,
    0xFF,0xFF,0xFF,0xFF,0xFF,0xFF,0x00,0x00,0x00,0x00,0x00,0x00,0x00,0x00,0x1F,0x00,
    0x3F,0x80,0x7F,0xC0,0x7F,0xC0,0x7F,0xC0,0x7F,0xC0,0x7F,0xC0,0x3F,0x80,0x1F,0x00,
    0x00,0x00,0x00,0x00,0x00,0x00,0x00,0x03,0xF0,0x00,0x00,0x00,0x03,0xF0,0x00,0x00,
    0x00,0x03,0xF0,0x00,0x00,0x00,0x07,0xE0,0x00,0x00,0x00,0x07,0xE0,0x00,0x00,0x00,
    0x07,0xC0,0x00,0x00,0x00,0x0F,0xC0,0x00,0x00,0x00,0x0F,0xC0,0x00,0x00,0x00,0x0F,
    0x80,0x00,0x00,0x00,0x1F,0x80,0x00,0x00,0x00,0x1F,0x80,0x00,0x00,0x00,0x3F,0x00,
    0x00,0x00,0x00,0x3F,0x00,0x00,0x00,0x00,0x3F,0x00,0x00,0x00,0x00,0x7E,0x00,0x00,
    0x00,0x00,0x7E,0x00,0x00,0x00,0x00,0x7E,0x00,0x00,0x00,0x00,0xFC,0x00,0x00,0x00,
    0x00,0xFC,0x00,0x00,0x00,0x00,0xFC,0x00,0x00,0x00,0x01,0xF8,0x00,0x00,0x00,0x01,
    0xF8,0x00,0x00,0x00,0x01,0xF0,0x00,0x00,0x00,0x03,0xF0,0x00,0x00,0x00,0x03,0xF0,
    0x00,0x00,0x00,0x03,0xE0,0x00,0x00,0x00,0x07,0xE0,0x00,0x00,0x00,0x07,0xE0,0x00,
    0x00,0x00,0x07,0xC0,0x00,0x00,0x00,0x0F,0xC0,0x00,0x00,0x00,0x0F,0xC0,0x00,0x00,
    0x00,0x1F,0x80,0x00,0x00,0x00,0x1F,0x80,0x00,0x00,0x00,0x1F,0x80,0x00,0x00,0x00,
    0x3F,0x00,0x00,0x00,0x00,0x3F,0x00,0x00,0x00,0x00,0x3F,0x00,0x00,0x00,0x00,0x7E,
    0x00,0x00,0x00,0x00,0x7E,0x00,0x00,0x00,0x00,0x7E,0x00,0x00,0x00,0x00,0xFC,0x00,
    0x00,0x00,0x00,0xFC,0x00,0x00,0x00,0x00,0xF8,0x00,0x00,0x00,0x01,0xF8,0x00,0x00,
    0x00,0x01,0xF8,0x00,0x00,0x00,0x01,0xF0,0x00,0x00,0x00,0x03,0xF0,0x00,0x00,0x00,
    0x03,0xF0,0x00,0x00,0x00,0x03,0xE0,0x00,0x00,0x00,0x07,0xE0,0x00,0x00,0x00,0x07,
    0xE0,0x00,0x00,0x00,0x0F,0xC0,0x00,0x00,0x00,0x0F,0xC0,0x00,0x00,0x00,0x0F,0xC0,
    0x00,0x00,0x00,0x1F,0x80,0x00,0x00,0x00,0x1F,0x80,0x00,0x00,0x00,0x1F,0x80,0x00,
    0x00,0x00,0x3F,0x00,0x00,0x00,0x00,0x3F,0x00,0x00,0x00,0x00,0x3F,0x00,0x00,0x00,
    0x00,0x7E,0x00,0x00,0x00,0x00,0x7E,0x00,0x00,0x00,0x00,0x7C,0x00,0x00,0x00,0x00,
    0xFC,0x00,0x00,0x00,0x00,0xFC,0x00,0x00,0x00,0x00,0xF8,0x00,0x00,0x00,0x01,0xF8,
    0x00,0x00,0x00,0x01,0xF8,0x00,0x00,0x00,0x01,0xF0,0x00,0x00,0x00,0x03,0xF0,0x00,
    0x00,0x00,0x03,0xF0,0x00,0x00,0x00,0x07,0xE0,0x00,0x00,0x00,0x07,0xE0,0x00,0x00,
    0x00,0x07,0xE0,0x00,0x00,0x00,0x0F,0xC0,0x00,0x00,0x00,0x0F,0xC0,0x00,0x00,0x00,
    0x0F,0xC0,0x00,0x00,0x00,0x1F,0x80,0x00,0x00,0x00,0x1F,0x80,0x00,0x00,0x00,0x1F,
    0x80,0x00,0x00,0x00,0x3F,0x00,0x00,0x00,0x00,0x3F,0x00,0x00,0x00,0x00,0x3E,0x00,
    0x00,0x00,0x00,0x7E,0x00,0x00,0x00,0x00,0x7E,0x00,0x00,0x00,0x00,0x00,0x00,0x00,
    0x00,0x00,0x00,0xE0,0x00,0x00,0x00,0x00,0x00,0x1F,0xFF,0x80,0x00,0x00,0x00,0x00,
    0xFF,0xFF,0xF0,0x00,0x00,0x00,0x03,0xFF,0xFF,0xF8,0x00,0x00,0x00,0x07,0xFF,0xFF,
    0xFE,0x00,0x00,0x00,0x1F,0xFF,0xFF,0xFF,0x00,0x00,0x00,0x3F,0xFF,0x0F,0xFF,0xC0,
    0x00,0x00,0x7F,0xF0,0x00,0xFF,0xE0,0x00,0x00,0xFF,0xC0,0x00,0x3F,0xE0,0x00,0x01,
    0xFF,0x00,0x00,0x0F,0xF0,0x00,0x01,0xFE,0x00,0x00,0x07,0xF8,0x00,0x03,0xFC,0x00,
    0x00,0x03,0xFC,0x00,0x07,0xF8,0x00,0x00,0x01,0xFC,0x00,0x07,0xF0,0x00,0x00,0x01,
    0xFE,0x00,0x0F,0xE0,0x00,0x00,0x00,0xFE,0x00,0x0F,0xE0,0x00,0x00,0x00,0x7F,0x00,
    0x1F,0xC0,0x00,0x00,0x00,0x7F,0x00,0x1F,0xC0,0x00,0x00,0x00,0x3F,0x80,0x1F,0xC0,
    0x00,0x00,0x00,0x3F,0x80,0x3F,0x80,0x00,0x00,0x00,0x3F,0x80,0x3F,0x80,0x00,0x00,
    0x00,0x1F,0xC0,0x3F,0x80,0x00,0x00,0x00,0x1F,0xC0,0x3F,0x00,0x00,0x00,0x00,0x1F,
    0xC0,0x7F,0x00,0x00,0x00,0x00,0x0F,0xC0,0x7F,0x00,0x00,0x00,0x00,0x0F,0xC0,0x7F,
    0x00,0x00,0x00,0x00,0x0F,0xE0,0x7F,0x00,0x00,0x00,0x00,0x0F,0xE0,0x7E,0x00,0x00,
    0x00,0x00,0x0F,0xE0,0x7E,0x00,0x00,0x00,0x00,0x0F,0xE0,0x7E,0x00,0x00,0x00,0x00,
    0x0F,0xE0,0x7E,0x00,0x00,0x00,0x00,0x0F,0xE0,0x7E,0x00,0x00,0x00,0x00,0x0F,0xE0,
    0x7E,0x00,0x00,0x00,0x00,0x0F,0xE0,0x7E,0x00,0x00,0x00,0x00,0x0F,0xE0,0x7E,0x00,
    0x00,0x00,0x00,0x0F,0xE0,0x7E,0x00,0x00,0x00,0x00,0x0F,0xE0,0x7E,0x00,0x00,0x00,
    0x00,0x0F,0xE0,0x7E,0x00,0x00,0x00,0x00,0x0F,0xE0,0x7F,0x00,0x00,0x00,0x00,0x0F,
    0xE0,0x7F,0x00,0x00,0x00,0x00,0x0F,0xE0,0x7F,0x00,0x00,0x00,0x00,0x0F,0xC0,0x7F,
    0x00,0x00,0x00,0x00,0x0F,0xC0,0x3F,0x00,0x00,0x00,0x00,0x1F,0xC0,0x3F,0x80,0x00,
    0x00,0x00,0x1F,0xC0,0x3F,0x80,0x00,0x00,0x00,0x1F,0xC0,0x3F,0x80,0x00,0x00,0x00,
    0x3F,0x80,0x1F,0xC0,0x00,0x00,0x00,0x3F,0x80,0x1F,0xC0,0x00,0x00,0x00,0x3F,0x80,
    0x1F,0xC0,0x00,0x00,0x00,0x7F,0x00,0x0F,0xE0,0x00,0x00,0x00,0x7F,0x00,0x0F,0xE0,
    0x00,0x00,0x00,0xFE,0x00,0x07,0xF0,0x00,0x00,0x01,0xFE,0x00,0x07,0xF8,0x00,0x00,
    0x01,0xFC,0x00,0x03,0xFC,0x00,0x00,0x03,0xFC,0x00,0x01,0xFE,0x00,0x00,0x07,0xF8,
    0x00,0x01,0xFF,0x00,0x00,0x0F,0xF0,0x00,0x00,0xFF,0xC0,0x00,0x3F,0xE0,0x00,0x00,
    0x7F,0xF0,0x00,0xFF,0xE0,0x00,0x00,0x3F,0xFF,0x0F,0xFF,0xC0,0x00,0x00,0x1F,0xFF,
    0xFF,0xFF,0x00,0x00,0x00,0x07,0xFF,0xFF,0xFE,0x00,0x00,0x00,0x03,0xFF,0xFF,0xF8,
    0x00,0x00,0x00,0x00,0xFF,0xFF,0xF0,0x00,0x00,0x00,0x00,0x1F,0xFF,0x80,0x00,0x00,
    0x00,0x00,0x00,0xE0,0x00,0x00,0x00,0x00,0x7F,0xFF,0xFC,0x7F,0xFF,0xFC,0x7F,0xFF,
    0xFC,0x7F,0xFF,0xFC,0x7F,0xFF,0xFC,0x7F,0xFF,0xFC,0x00,0x00,0xFC,0x00,0x00,0xFC,
    0x00,0x00,0xFC,0x00,0x00,0xFC,0x00,0x00,0xFC,0x00,0x00,0xFC,0x00,0x00,0xFC,0x00,
    0x00,0xFC,0x00,0x00,0xFC,0x00,0x00,0xFC,0x00,0x00,0xFC,0x00,0x00,0xFC,0x00,0x00,
    0xFC,0x00,0x00,0xFC,0x00,0x00,0xFC,0x00,0x00,0xFC,0x00,0x00,0xFC,0x00,0x00,0xFC,
    0x00,0x00,0xFC,0x00,0x00,0xFC,0x00,0x00,0xFC,0x00,0x00,0xFC,0x00,0x00,0xFC,0x00,
    0x00,0xFC,0x00,0x00,0xFC,0x00,0x00,0xFC,0x00,0x00,0xFC,0x00,0x00,0xFC,0x00,0x00,
    0xFC,0x00,0x00,0xFC,0x00,0x00,0xFC,0x00,0x00,0xFC,0x00,0x00,0xFC,0x00,0x00,0xFC,
    0x00,0x00,0xFC,0x00,0x00,0xFC,0x00,0x00,0xFC,0x00,0x00,0xFC,0x00,0x00,0xFC,0x00,
    0x00,0xFC,0x00,0x00,0xFC,0x00,0x00,0xFC,0x00,0x00,0xFC,0x00,0x00,0xFC,0x00,0x00,
    0xFC,0x00,0x00,0xFC,0x00,0x00,0xFC,0x00,0x00,0xFC,0x00,0x00,0xFC,0x00,0x00,0xFC,
    0x00,0x00,0xFC,0x00,0x00,0xFC,0x00,0x00,0xFC,0x00,0x00,0xFC,0x00,0x00,0xFC,0x00,
    0x00,0xFC,0x00,0x00,0xFC,0x00,0x00,0x00,0x00,0x00,0x07,0x80,0x00,0x00,0x00,0x03,
    0xFF,0xFE,0x00,0x00,0x00,0x1F,0xFF,0xFF,0xC0,0x00,0x00,0xFF,0xFF,0xFF,0xF0,0x00,
    0x01,0xFF,0xFF,0xFF,0xFC,0x00,0x07,0xFF,0xFF,0xFF,0xFE,0x00,0x0F,0xFF,0xF0,0x7F,
    0xFF,0x00,0x1F,0xFC,0x00,0x03,0xFF,0x80,0x7F,0xF0,0x00,0x00,0xFF,0x80,0x7F,0xC0,
    0x00,0x00,0x7F,0xC0,0x3F,0x00,0x00,0x00,0x3F,0xC0,0x1E,0x00,0x00,0x00,0x1F,0xE0,
    0x0C,0x00,0x00,0x00,0x0F,0xE0,0x00,0x00,0x00,0x00,0x0F,0xE0,0x00,0x00,0x00,0x00,
    0x07,0xF0,0x00,0x00,0x00,0x00,0x07,0xF0,0x00,0x00,0x00,0x00,0x07,0xF0,0x00,0x00,
    0x00,0x00,0x07,0xF0,0x00,0x00,0x00,0x00,0x07,0xF0,0x00,0x00,0x00,0x00,0x07,0xF0,
    0x00,0x00,0x00,0x00,0x07,0xF0,0x00,0x00,0x00,0x00,0x07,0xE0,0x00,0x00,0x00,0x00,
    0x07,0xE0,0x00,0x00,0x00,0x00,0x0F,0xE0,0x00,0x00,0x00,0x00,0x0F,0xE0,0x00,0x00,
    0x00,0x00,0x1F,0xC0,0x00,0x00,0x00,0x00,0x1F,0xC0,0x00,0x00,0x00,0x00,0x3F,0x80,
    0x00,0x00,0x00,0x00,0x7F,0x80,0x00,0x00,0x00,0x00,0x7F,0x00,0x00,0x00,0x00,0x00,
    0xFE,0x00,0x00,0x00,0x00,0x01,0xFE,0x00,0x00,0x00,0x00,0x03,0xFC,0x00,0x00,0x00,
    0x00,0x07,0xF8,0x00,0x00,0x00,0x00,0x0F,0xF0,0x00,0x00,0x00,0x00,0x1F,0xE0,0x00,
    0x00,0x00,0x00,0x3F,0xC0,0x00,0x00,0x00,0x00,0x7F,0x80,0x00,0x00,0x00,0x00,0xFF,
    0x00,0x00,0x00,0x00,0x01,0xFE,0x00,0x00,0x00,0x00,0x03,0xFC,0x00,0x00,0x00,0x00,
    0x07,0xF8,0x00,0x00,0x00,0x00,0x0F,0xF0,0x00,0x00,0x00,0x00,0x1F,0xE0,0x00,0x00,
    0x00,0x00,0x3F,0xC0,0x00,0x00,0x00,0x00,0x7F,0x80,0x00,0x00,0x00,0x00,0xFF,0x00,
    0x00,0x00,0x00,0x01,0xFE,0x00,0x00,0x00,0x00,0x03,0xFC,0x00,0x00,0x00,0x00,0x07,
    0xF8,0x00,0x00,0x00,0x00,0x0F,0xF0,0x00,0x00,0x00,0x00,0x1F,0xE0,0x00,0x00,0x00,
    0x00,0x3F,0xC0,0x00,0x00,0x00,0x00,0x7F,0x80,0x00,0x00,0x00,0x00,0xFF,0x00,0x00,
    0x00,0x00,0x03,0xFE,0x00,0x00,0x00,0x00,0x07,0xFC,0x00,0x00,0x00,0x00,0x0F,0xF8,
    0x00,0x00,0x00,0x00,0x1F,0xFF,0xFF,0xFF,0xFF,0xFE,0x1F,0xFF,0xFF,0xFF,0xFF,0xFE,
    0x1F,0xFF,0xFF,0xFF,0xFF,0xFE,0x1F,0xFF,0xFF,0xFF,0xFF,0xFE,0x1F,0xFF,0xFF,0xFF,
    0xFF,0xFE,0x1F,0xFF,0xFF,0xFF,0xFF,0xFE,0x1F,0xFF,0xFF,0xFF,0xFF,0xF0,0x1F,0xFF,
    0xFF,0xFF,0xFF,0xF0,0x1F,0xFF,0xFF,0xFF,0xFF,0xF0,0x1F,0xFF,0xFF,0xFF,0xFF,0xF0,
    0x1F,0xFF,0xFF,0xFF,0xFF,0xF0,0x0F,0xFF,0xFF,0xFF,0xFF,0xE0,0x00,0x00,0x00,0x00,
    0x1F,0xC0,0x00,0x00,0x00,0x00,0x3F,0xC0,0x00,0x00,0x00,0x00,0x7F,0x80,0x00,0x00,
    0x00,0x00,0x7F,0x00,0x00,0x00,0x00,0x00,0xFE,0x00,0x00,0x00,0x00,0x01,0xFC,0x00,
    0x00,0x00,0x00,0x03,0xFC,0x00,0x00,0x00,0x00,0x07,0xF8,0x00,0x00,0x00,0x00,0x07,
    0xF0,0x00,0x00,0x00,0x00,0x0F,0xE0,0x00,0x00,0x00,0x00,0x1F,0xC0,0x00,0x00,0x00,
    0x00,0x3F,0xC0,0x00,0x00,0x00,0x00,0x7F,0x80,0x00,0x00,0x00,0x00,0x7F,0x00,0x00,
    0x00,0x00,0x00,0xFE,0x00,0x00,0x00,0x00,0x01,0xFC,0x00,0x00,0x00,0x00,0x03,0xFC,
    0x00,0x00,0x00,0x00,0x07,0xF8,0x00,0x00,0x00,0x00,0x07,0xF0,0x00,0x00,0x00,0x00,
    0x0F,0xE0,0x00,0x00,0x00,0x00,0x1F,0xC0,0x00,0x00,0x00,0x00,0x3F,0xFE,0x00,0x00,
    0x00,0x00,0x3F,0xFF,0xE0,0x00,0x00,0x00,0x3F,0xFF,0xF8,0x00,0x00,0x00,0x3F,0xFF,
    0xFE,0x00,0x00,0x00,0x3F,0xFF,0xFF,0x00,0x00,0x00,0x00,0x7F,0xFF,0x80,0x00,0x00,
    0x00,0x01,0xFF,0xC0,0x00,0x00,0x00,0x00,0x3F,0xE0,0x00,0x00,0x00,0x00,0x1F,0xF0,
    0x00,0x00,0x00,0x00,0x0F,0xF0,0x00,0x00,0x00,0x00,0x07,0xF8,0x00,0x00,0x00,0x00,
    0x03,0xF8,0x00,0x00,0x00,0x00,0x03,0xFC,0x00,0x00,0x00,0x00,0x01,0xFC,0x00,0x00,
    0x00,0x00,0x01,0xFC,0x00,0x00,0x00,0x00,0x01,0xFC,0x00,0x00,0x00,0x00,0x00,0xFC,
    0x00,0x00,0x00,0x00,0x00,0xFC,0x00,0x00,0x00,0x00,0x00,0xFC,0x00,0x00,0x00,0x00,
    0x00,0xFC,0x00,0x00,0x00,0x00,0x01,0xFC,0x00,0x00,0x00,0x00,0x01,0xFC,0x00,0x00,
    0x00,0x00,0x01,0xFC,0x00,0x00,0x00,0x00,0x03,0xFC,0x18,0x00,0x00,0x00,0x03,0xF8,
    0x1E,0x00,0x00,0x00,0x07,0xF8,0x3F,0x00,0x00,0x00,0x0F,0xF0,0x7F,0xC0,0x00,0x00,
    0x1F,0xF0,0x7F,0xF0,0x00,0x00,0x7F,0xE0,0x3F,0xFE,0x00,0x01,0xFF,0xC0,0x1F,0xFF,
    0xF8,0x3F,0xFF,0x80,0x07,0xFF,0xFF,0xFF,0xFF,0x00,0x03,0xFF,0xFF,0xFF,0xFE,0x00,
    0x00,0x7F,0xFF,0xFF,0xF8,0x00,0x00,0x1F,0xFF,0xFF,0xE0,0x00,0x00,0x03,0xFF,0xFF,
    0x00,0x00,0x00,0x00,0x03,0xC0,0x00,0x00,0x00,0x00,0x00,0x00,0x3F,0x80,0x00,0x00,
    0x00,0x00,0x00,0x7F,0x00,0x00,0x00,0x00,0x00,0x00,0xFE,0x00,0x00,0x00,0x00,0x00,
    0x01,0xFC,0x00,0x00,0x00,0x00,0x00,0x03,0xFC,0x00,0x00,0x00,0x00,0x00,0x03,0xF8,
    0x00,0x00,0x00,0x00,0x00,0x07,0xF0,0x00,0x00,0x00,0x00,0x00,0x0F,0xE0,0x00,0x00,
    0x00,0x00,0x00,0x1F,0xC0,0x00,0x00,0x00,0x00,0x00,0x3F,0xC0,0x00,0x00,0x00,0x00,
    0x00,0x3F,0x80,0x00,0x00,0x00,0x00,0x00,0x7F,0x00,0x00,0x00,0x00,0x00,0x00,0xFE,
    0x00,0x00,0x00,0x00,0x00,0x01,0xFC,0x00,0x00,0x00,0x00,0x00,0x03,0xFC,0x00,0x00,
    0x00,0x00,0x00,0x03,0xF8,0x00,0x00,0x00,0x00,0x00,0x07,0xF0,0x00,0x00,0x00,0x00,
    0x00,0x0F,0xE0,0x00,0x00,0x00,0x00,0x00,0x1F,0xE0,0x00,0x00,0x00,0x00,0x00,0x3F,
    0xC0,0x00,0x00,0x00,0x00,0x00,0x3F,0x80,0x00,0x00,0x00,0x00,0x00,0x7F,0x00,0x00,
    0x00,0x00,0x00,0x00,0xFE,0x00,0x00,0x00,0x00,0x00,0x01,0xFE,0x00,0x00,0x00,0x00,
    0x00,0x03,0xFC,0x00,0x00,0x00,0x00,0x00,0x03,0xF8,0x00,0x00,0x00,0x00,0x00,0x07,
    0xF0,0x00,0x0F,0xE0,0x00,0x00,0x0F,0xE0,0x00,0x0F,0xE0,0x00,0x00,0x1F,0xE0,0x00,
    0x0F,0xE0,0x00,0x00,0x3F,0xC0,0x00,0x0F,0xE0,0x00,0x00,0x3F,0x80,0x00,0x0F,0xE0,
    0x00,0x00,0x7F,0x00,0x00,0x0F,0xE0,0x00,0x00,0xFE,0x00,0x00,0x0F,0xE0,0x00,0x01,
    0xFE,0x00,0x00,0x0F,0xE0,0x00,0x03,0xFC,0x00,0x00,0x0F,0xE0,0x00,0x03,0xF8,0x00,
    0x00,0x0F,0xE0,0x00,0x07,0xF0,0x00,0x00,0x0F,0xE0,0x00,0x0F,0xE0,0x00,0x00,0x0F,
    0xE0,0x00,0x1F,0xE0,0x00,0x00,0x0F,0xE0,0x00,0x3F,0xC0,0x00,0x00,0x0F,0xE0,0x00,
    0x3F,0x80,0x00,0x00,0x0F,0xE0,0x00,0x7F,0xFF,0xFF,0xFF,0xFF,0xFF,0xFE,0x7F,0xFF,
    0xFF,0xFF,0xFF,0xFF,0xFE,0x7F,0xFF,0xFF,0xFF,0xFF,0xFF,0xFE,0x7F,0xFF,0xFF,0xFF,
    0xFF,0xFF,0xFE,0x7F,0xFF,0xFF,0xFF,0xFF,0xFF,0xFE,0x00,0x00,0x00,0x00,0x0F,0xE0,
    0x00,0x00,0x00,0x00,0x00,0x0F,0xE0,0x00,0x00,0x00,0x00,0x00,0x0F,0xE0,0x00,0x00,
    0x00,0x00,0x00,0x0F,0xE0,0x00,0x00,0x00,0x00,0x00,0x0F,0xE0,0x00,0x00,0x00,0x00,
    0x00,0x0F,0xE0,0x00,0x00,0x00,0x00,0x00,0x0F,0xE0,0x00,0x00,0x00,0x00,0x00,0x0F,
    0xE0,0x00,0x00,0x00,0x00,0x00,0x0F,0xE0,0x00,0x00,0x00,0x00,0x00,0x0F,0xE0,0x00,
    0x00,0x00,0x00,0x00,0x0F,0xE0,0x00,0x00,0x00,0x00,0x00,0x0F,0xE0,0x00,0x00,0x00,
    0x00,0x00,0x0F,0xE0,0x00,0x00,0x00,0x00,0x00,0x0F,0xE0,0x00,0x00,0x00,0x00,0x00,
    0x0F,0xE0,0x00,0x00,0x00,0x00,0x00,0x0F,0xE0,0x00,0x00,0x00,0x00,0x00,0x0F,0xE0,
    0x00,0x00,0x00,0x00,0x00,0x7F,0xFF,0xFF,0xFF,0xE0,0x00,0xFF,0xFF,0xFF,0xFF,0xE0,
    0x00,0xFF,0xFF,0xFF,0xFF,0xE0,0x00,0xFF,0xFF,0xFF,0xFF,0xE0,0x00,0xFF,0xFF,0xFF,
    0xFF,0xE0,0x00,0xFF,0xFF,0xFF,0xFF,0xE0,0x00,0xFC,0x00,0x00,0x00,0x00,0x00,0xFC,
    0x00,0x00,0x00,0x00,0x00,0xFC,0x00,0x00,0x00,0x00,0x00,0xFC,0x00,0x00,0x00,0x00,
    0x00,0xFC,0x00,0x00,0x00,0x00,0x01,0xFC,0x00,0x00,0x00,0x00,0x01,0xFC,0x00,0x00,
    0x00,0x00,0x01,0xF8,0x00,0x00,0x00,0x00,0x01,0xF8,0x00,0x00,0x00,0x00,0x01,0xF8,
    0x00,0x00,0x00,0x00,0x01,0xF8,0x00,0x00,0x00,0x00,0x01,0xF8,0x00,0x00,0x00,0x00,
    0x01,0xF8,0x00,0x00,0x00,0x00,0x01,0xF8,0x00,0x00,0x00,0x00,0x01,0xF8,0x00,0x00,
    0x00,0x00,0x03,0xF8,0x00,0x00,0x00,0x00,0x03,0xF0,0x00,0x00,0x00,0x00,0x03,0xF0,
    0x00,0x00,0x00,0x00,0x03,0xF0,0x00,0x00,0x00,0x00,0x03,0xF0,0x00,0x00,0x00,0x00,
    0x03,0xFF,0xFF,0xF8,0x00,0x00,0x03,0xFF,0xFF,0xFF,0xC0,0x00,0x03,0xFF,0xFF,0xFF,
    0xF0,0x00,0x03,0xFF,0xFF,0xFF,0xFC,0x00,0x07,0xFF,0xFF,0xFF,0xFF,0x00,0x03,0xFF,
    0xFF,0xFF,0xFF,0x80,0x00,0x00,0x00,0x07,0xFF,0xC0,0x00,0x00,0x00,0x00,0xFF,0xE0,
    0x00,0x00,0x00,0x00,0x3F,0xF0,0x00,0x00,0x00,0x00,0x0F,0xF0,0x00,0x00,0x00,0x00,
    0x07,0xF8,0x00,0x00,0x00,0x00,0x03,0xF8,0x00,0x00,0x00,0x00,0x03,0xFC,0x00,0x00,
    0x00,0x00,0x01,0xFC,0x00,0x00,0x00,0x00,0x01,0xFC,0x00,0x00,0x00,0x00,0x01,0xFC,
    0x00,0x00,0x00,0x00,0x00,0xFC,0x00,0x00,0x00,0x00,0x00,0xFC,0x00,0x00,0x00,0x00,
    0x00,0xFC,0x00,0x00,0x00,0x00,0x00,0xFC,0x00,0x00,0x00,0x00,0x00,0xFC,0x00,0x00,
    0x00,0x00,0x00,0xFC,0x00,0x00,0x00,0x00,0x01,0xFC,0x00,0x00,0x00,0x00,0x01,0xFC,
    0x00,0x00,0x00,0x00,0x01,0xFC,0x18,0x00,0x00,0x00,0x03,0xF8,0x1E,0x00,0x00,0x00,
    0x07,0xF8,0x3F,0x00,0x00,0x00,0x0F,0xF0,0x3F,0xC0,0x00,0x00,0x1F,0xF0,0x7F,0xF0,
    0x00,0x00,0x7F,0xE0,0x3F,0xFE,0x00,0x01,0xFF,0xC0,0x1F,0xFF,0xF8,0x3F,0xFF,0x80,
    0x07,0xFF,0xFF,0xFF,0xFF,0x00,0x01,0xFF,0xFF,0xFF,0xFE,0x00,0x00,0x7F,0xFF,0xFF,
    0xF8,0x00,0x00,0x1F,0xFF,0xFF,0xE0,0x00,0x00,0x01,0xFF,0xFF,0x00,0x00,0x00,0x00,
    0x03,0xC0,0x00,0x00,0x00,0x00,0x00,0x0E,0x00,0x00,0x00,0x00,0x00,0x07,0xFF,0xFE,
    0x00,0x00,0x00,0x00,0x3F,0xFF,0xFF,0xC0,0x00,0x00,0x00,0xFF,0xFF,0xFF,0xF0,0x00,
    0x00,0x03,0xFF,0xFF,0xFF,0xF0,0x00,0x00,0x0F,0xFF,0xFF,0xFF,0xF0,0x00,0x00,0x1F,
    0xFF,0x80,0x1F,0xE0,0x00,0x00,0x3F,0xF8,0x00,0x01,0xE0,0x00,0x00,0x7F,0xE0,0x00,
    0x00,0x40,0x00,0x00,0xFF,0x80,0x00,0x00,0x00,0x00,0x01,0xFF,0x00,0x00,0x00,0x00,
    0x00,0x03,0xFC,0x00,0x00,0x00,0x00,0x00,0x03,0xF8,0x00,0x00,0x00,0x00,0x00,0x07,
    0xF8,0x00,0x00,0x00,0x00,0x00,0x07,0xF0,0x00,0x00,0x00,0x00,0x00,0x0F,0xE0,0x00,
    0x00,0x00,0x00,0x00,0x0F,0xE0,0x00,0x00,0x00,0x00,0x00,0x1F,0xC0,0x00,0x00,0x00,
    0x00,0x00,0x1F,0xC0,0x00,0x00,0x00,0x00,0x00,0x1F,0x80,0x00,0x00,0x00,0x00,0x00,
    0x3F,0x80,0x00,0x00,0x00,0x00,0x00,0x3F,0x80,0x00,0x00,0x00,0x00,0x00,0x3F,0x00,
    0x00,0x00,0x00,0x00,0x00,0x3F,0x00,0x00,0x00,0x00,0x00,0x00,0x7F,0x00,0x00,0x00,
    0x00,0x00,0x00,0x7F,0x00,0x00,0x00,0x00,0x00,0x00,0x7F,0x00,0x01,0xFC,0x00,0x00,
    0x00,0x7E,0x00,0x1F,0xFF,0xE0,0x00,0x00,0x7E,0x00,0xFF,0xFF,0xFC,0x00,0x00,0x7E,
    0x03,0xFF,0xFF,0xFE,0x00,0x00,0x7E,0x07,0xFF,0xFF,0xFF,0x80,0x00,0x7E,0x0F,0xFF,
    0xFF,0xFF,0xC0,0x00,0x7E,0x1F,0xF0,0x00,0xFF,0xE0,0x00,0x7E,0x3F,0xC0,0x00,0x3F,
    0xF0,0x00,0x7E,0x7F,0x00,0x00,0x0F,0xF8,0x00,0x7E,0xFC,0x00,0x00,0x07,0xF8,0x00,
    0x7F,0xF8,0x00,0x00,0x03,0xFC,0x00,0x7F,0xF0,0x00,0x00,0x01,0xFE,0x00,0x7F,0xF0,
    0x00,0x00,0x00,0xFE,0x00,0x7F,0xE0,0x00,0x00,0x00,0xFE,0x00,0x7F,0xE0,0x00,0x00,
    0x00,0x7F,0x00,0x7F,0xC0,0x00,0x00,0x00,0x7F,0x00,0x7F,0xC0,0x00,0x00,0x00,0x7F,
    0x00,0x3F,0xC0,0x00,0x00,0x00,0x3F,0x00,0x3F,0xC0,0x00,0x00,0x00,0x3F,0x00,0x3F,
    0xC0,0x00,0x00,0x00,0x3F,0x00,0x3F,0xC0,0x00,0x00,0x00,0x3F,0x00,0x1F,0xC0,0x00,
    0x00,0x00,0x7F,0x00,0x1F,0xC0,0x00,0x00,0x00,0x7F,0x00,0x1F,0xC0,0x00,0x00,0x00,
    0x7F,0x00,0x0F,0xE0,0x00,0x00,0x00,0x7E,0x00,0x0F,0xE0,0x00,0x00,0x00,0xFE,0x00,
    0x07,0xF0,0x00,0x00,0x00,0xFE,0x00,0x07,0xF8,0x00,0x00,0x01,0xFC,0x00,0x03,0xF8,
    0x00,0x00,0x03,0xFC,0x00,0x01,0xFE,0x00,0x00,0x07,0xF8,0x00,0x00,0xFF,0x00,0x00,
    0x0F,0xF0,0x00,0x00,0xFF,0xC0,0x00,0x3F,0xF0,0x00,0x00,0x7F,0xF8,0x01,0xFF,0xE0,
    0x00,0x00,0x1F,0xFF,0xFF,0xFF,0xC0,0x00,0x00,0x0F,0xFF,0xFF,0xFF,0x00,0x00,0x00,
    0x03,0xFF,0xFF,0xFE,0x00,0x00,0x00,0x00,0xFF,0xFF,0xF8,0x00,0x00,0x00,0x00,0x3F,
    0xFF,0xC0,0x00,0x00,0x00,0x00,0x00,0x70,0x00,0x00,0x00,0x00,0x7F,0xFF,0xFF,0xFF,
    0xFF,0xFE,0x7F,0xFF,0xFF,0xFF,0xFF,0xFE,0x7F,0xFF,0xFF,0xFF,0xFF,0xFE,0x7F,0xFF,
    0xFF,0xFF,0xFF,0xFE,0x7F,0xFF,0xFF,0xFF,0xFF,0xFE,0x7F,0xFF,0xFF,0xFF,0xFF,0xFE,
    0x7E,0x00,0x00,0x00,0x01,0xFC,0x7E,0x00,0x00,0x00,0x01,0xFC,0x7E,0x00,0x00,0x00,
    0x03,0xF8,0x7E,0x00,0x00,0x00,0x03,0xF8,0x7E,0x00,0x00,0x00,0x07,0xF0,0x7E,0x00,
    0x00,0x00,0x07,0xF0,0x7E,0x00,0x00,0x00,0x07,0xF0,0x7E,0x00,0x00,0x00,0x0F,0xE0,
    0x7E,0x00,0x00,0x00,0x0F,0xE0,0x7E,0x00,0x00,0x00,0x1F,0xC0,0x7E,0x00,0x00,0x00,
    0x1F,0xC0,0x7E,0x00,0x00,0x00,0x3F,0x80,0x00,0x00,0x00,0x00,0x3F,0x80,0x00,0x00,
    0x00,0x00,0x7F,0x00,0x00,0x00,0x00,0x00,0x7F,0x00,0x00,0x00,0x00,0x00,0x7F,0x00,
    0x00,0x00,0x00,0x00,0xFE,0x00,0x00,0x00,0x00,0x00,0xFE,0x00,0x00,0x00,0x00,0x01,
    0xFC,0x00,0x00,0x00,0x00,0x01,0xFC,0x00,0x00,0x00,0x00,0x03,0xF8,0x00,0x00,0x00,
    0x00,0x03,0xF8,0x00,0x00,0x00,0x00,0x07,0xF0,0x00,0x00,0x00,0x00,0x07,0xF0,0x00,
    0x00,0x00,0x00,0x0F,0xE0,0x00,0x00,0x00,0x00,0x0F,0xE0,0x00,0x00,0x00,0x00,0x0F,
    0xE0,0x00,0x00,0x00,0x00,0x1F,0xC0,0x00,0x00,0x00,0x00,0x1F,0xC0,0x00,0x00,0x00,
    0x00,0x3F,0x80,0x00,0x00,0x00,0x00,0x3F,0x80,0x00,0x00,0x00,0x00,0x7F,0x00,0x00,
    0x00,0x00,0x00,0x7F,0x00,0x00,0x00,0x00,0x00,0xFE,0x00,0x00,0x00,0x00,0x00,0xFE,
    0x00,0x00,0x00,0x00,0x01,0xFC,0x00,0x00,0x00,0x00,0x01,0xFC,0x00,0x00,0x00,0x00,
    0x01,0xFC,0x00,0x00,0x00,0x00,0x03,0xF8,0x00,0x00,0x00,0x00,0x03,0xF8,0x00,0x00,
    0x00,0x00,0x07,0xF0,0x00,0x00,0x00,0x00,0x07,0xF0,0x00,0x00,0x00,0x00,0x0F,0xE0,
    0x00,0x00,0x00,0x00,0x0F,0xE0,0x00,0x00,0x00,0x00,0x1F,0xC0,0x00,0x00,0x00,0x00,
    0x1F,0xC0,0x00,0x00,0x00,0x00,0x3F,0xC0,0x00,0x00,0x00,0x00,0x3F,0x80,0x00,0x00,
    0x00,0x00,0x3F,0x80,0x00,0x00,0x00,0x00,0x7F,0x00,0x00,0x00,0x00,0x00,0x7F,0x00,
    0x00,0x00,0x00,0x00,0xFE,0x00,0x00,0x00,0x00,0x00,0xFE,0x00,0x00,0x00,0x00,0x01,
    0xFC,0x00,0x00,0x00,0x00,0x01,0xFC,0x00,0x00,0x00,0x00,0x03,0xF8,0x00,0x00,0x00,
    0x00,0x03,0xF8,0x00,0x00,0x00,0x00,0x00,0x00,0x00,0x01,0xE0,0x00,0x00,0x00,0x00,
    0x00,0xFF,0xFF,0x80,0x00,0x00,0x00,0x07,0xFF,0xFF,0xF0,0x00,0x00,0x00,0x1F,0xFF,
    0xFF,0xFE,0x00,0x00,0x00,0x7F,0xFF,0xFF,0xFF,0x00,0x00,0x00,0xFF,0xFF,0xFF,0xFF,
    0xC0,0x00,0x01,0xFF,0xE0,0x03,0xFF,0xE0,0x00,0x03,0xFF,0x00,0x00,0x7F,0xF0,0x00,
    0x07,0xFC,0x00,0x00,0x1F,0xF0,0x00,0x0F,0xF8,0x00,0x00,0x07,0xF8,0x00,0x0F,0xF0,
    0x00,0x00,0x03,0xF8,0x00,0x0F,0xE0,0x00,0x00,0x01,0xFC,0x00,0x1F,0xC0,0x00,0x00,
    0x01,0xFC,0x00,0x1F,0xC0,0x00,0x00,0x00,0xFC,0x00,0x1F,0x80,0x00,0x00,0x00,0xFE,
    0x00,0x1F,0x80,0x00,0x00,0x00,0xFE,0x00,0x1F,0x80,0x00,0x00,0x00,0xFE,0x00,0x1F,
    0x80,0x00,0x00,0x00,0xFE,0x00,0x1F,0x80,0x00,0x00,0x00,0xFE,0x00,0x1F,0x80,0x00,
    0x00,0x00,0xFE,0x00,0x1F,0xC0,0x00,0x00,0x00,0xFC,0x00,0x1F,0xC0,0x00,0x00,0x01,
    0xFC,0x00,0x1F,0xC0,0x00,0x00,0x01,0xFC,0x00,0x0F,0xE0,0x00,0x00,0x03,0xF8,0x00,
    0x0F,0xF0,0x00,0x00,0x07,0xF8,0x00,0x07,0xF8,0x00,0x00,0x0F,0xF0,0x00,0x03,0xFE,
    0x00,0x00,0x1F,0xF0,0x00,0x01,0xFF,0x80,0x00,0xFF,0xE0,0x00,0x00,0xFF,0xFC,0x1F,
    0xFF,0x80,0x00,0x00,0x7F,0xFF,0xFF,0xFF,0x00,0x00,0x00,0x1F,0xFF,0xFF,0xFC,0x00,
    0x00,0x00,0x1F,0xFF,0xFF,0xFC,0x00,0x00,0x00,0x7F,0xFF,0xFF,0xFF,0x00,0x00,0x01,
    0xFF,0xFF,0xFF,0xFF,0xC0,0x00,0x03,0xFF,0xC0,0x00,0xFF,0xE0,0x00,0x07,0xFE,0x00,
    0x00,0x1F,0xF8,0x00,0x0F,0xF8,0x00,0x00,0x07,0xFC,0x00,0x1F,0xE0,0x00,0x00,0x03,
    0xFC,0x00,0x3F,0xC0,0x00,0x00,0x01,0xFE,0x00,0x3F,0x80,0x00,0x00,0x00,0xFF,0x00,
    0x7F,0x00,0x00,0x00,0x00,0x7F,0x00,0x7F,0x00,0x00,0x00,0x00,0x7F,0x00,0x7F,0x00,
    0x00,0x00,0x00,0x3F,0x80,0x7E,0x00,0x00,0x00,0x00,0x3F,0x80,0xFE,0x00,0x00,0x00,
    0x00,0x3F,0x80,0xFE,0x00,0x00,0x00,0x00,0x3F,0x80,0xFE,0x00,0x00,0x00,0x00,0x3F,
    0x80,0xFE,0x00,0x00,0x00,0x00,0x3F,0x80,0xFE,0x00,0x00,0x00,0x00,0x3F,0x80,0x7E,
    0x00,0x00,0x00,0x00,0x3F,0x80,0x7F,0x00,0x00,0x00,0x00,0x3F,0x80,0x7F,0x00,0x00,
    0x00,0x00,0x7F,0x00,0x7F,0x80,0x00,0x00,0x00,0x7F,0x00,0x3F,0x80,0x00,0x00,0x00,
    0xFF,0x00,0x3F,0xC0,0x00,0x00,0x01,0xFE,0x00,0x1F,0xE0,0x00,0x00,0x03,0xFE,0x00,
    0x0F,0xF8,0x00,0x00,0x0F,0xFC,0x00,0x0F,0xFE,0x00,0x00,0x3F,0xF8,0x00,0x07,0xFF,
    0xE0,0x01,0xFF,0xF0,0x00,0x01,0xFF,0xFF,0xFF,0xFF,0xE0,0x00,0x00,0xFF,0xFF,0xFF,
    0xFF,0x80,0x00,0x00,0x3F,0xFF,0xFF,0xFF,0x00,0x00,0x00,0x0F,0xFF,0xFF,0xF8,0x00,
    0x00,0x00,0x01,0xFF,0xFF,0xC0,0x00,0x00,0x00,0x00,0x03,0xE0,0x00,0x00,0x00,0x00,
    0x00,0x00,0x07,0x00,0x00,0x00,0x00,0x00,0x01,0xFF,0xFC,0x00,0x00,0x00,0x00,0x0F,
    0xFF,0xFF,0x80,0x00,0x00,0x00,0x3F,0xFF,0xFF,0xE0,0x00,0x00,0x00,0xFF,0xFF,0xFF,
    0xF8,0x00,0x00,0x01,0xFF,0xFF,0xFF,0xFC,0x00,0x00,0x03,0xFF,0xC0,0x0F,0xFE,0x00,
    0x00,0x07,0xFE,0x00,0x01,0xFF,0x00,0x00,0x0F,0xF8,0x00,0x00,0x7F,0x80,0x00,0x0F,
    0xF0,0x00,0x00,0x3F,0xC0,0x00,0x1F,0xE0,0x00,0x00,0x1F,0xE0,0x00,0x1F,0xC0,0x00,
    0x00,0x0F,0xE0,0x00,0x3F,0x80,0x00,0x00,0x07,0xF0,0x00,0x3F,0x80,0x00,0x00,0x03,
    0xF0,0x00,0x7F,0x00,0x00,0x00,0x03,0xF8,0x00,0x7F,0x00,0x00,0x00,0x01,0xF8,0x00,
    0x7F,0x00,0x00,0x00,0x01,0xFC,0x00,0x7E,0x00,0x00,0x00,0x01,0xFC,0x00,0x7E,0x00,
    0x00,0x00,0x01,0xFC,0x00,0x7E,0x00,0x00,0x00,0x01,0xFE,0x00,0x7E,0x00,0x00,0x00,
    0x01,0xFE,0x00,0x7E,0x00,0x00,0x00,0x01,0xFE,0x00,0x7E,0x00,0x00,0x00,0x01,0xFE,
    0x00,0x7F,0x00,0x00,0x00,0x01,0xFF,0x00,0x7F,0x00,0x00,0x00,0x03,0xFF,0x00,0x3F,
    0x00,0x00,0x00,0x03,0xFF,0x00,0x3F,0x80,0x00,0x00,0x07,0xFF,0x00,0x3F,0xC0,0x00,
    0x00,0x0F,0xFF,0x00,0x1F,0xC0,0x00,0x00,0x0F,0xFF,0x00,0x1F,0xE0,0x00,0x00,0x3F,
    0xFF,0x00,0x0F,0xF8,0x00,0x00,0x7F,0x7F,0x00,0x07,0xFE,0x00,0x01,0xFE,0x3F,0x00,
    0x03,0xFF,0x80,0x07,0xFC,0x3F,0x00,0x01,0xFF,0xFF,0xFF,0xF8,0x3F,0x00,0x00,0xFF,
    0xFF,0xFF,0xF0,0x3F,0x00,0x00,0x7F,0xFF,0xFF,0xE0,0x7F,0x00,0x00,0x1F,0xFF,0xFF,
    0x80,0x7F,0x00,0x00,0x03,0xFF,0xFC,0x00,0x7F,0x00,0x00,0x00,0x3F,0xC0,0x00,0x7F,
    0x00,0x00,0x00,0x00,0x00,0x00,0x7F,0x00,0x00,0x00,0x00,0x00,0x00,0x7E,0x00,0x00,
    0x00,0x00,0x00,0x00,0x7E,0x00,0x00,0x00,0x00,0x00,0x00,0x7E,0x00,0x00,0x00,0x00,
    0x00,0x00,0xFE,0x00,0x00,0x00,0x00,0x00,0x00,0xFE,0x00,0x00,0x00,0x00,0x00,0x00,
    0xFC,0x00,0x00,0x00,0x00,0x00,0x01,0xFC,0x00,0x00,0x00,0x00,0x00,0x01,0xFC,0x00,
    0x00,0x00,0x00,0x00,0x03,0xF8,0x00,0x00,0x00,0x00,0x00,0x03,0xF8,0x00,0x00,0x00,
    0x00,0x00,0x07,0xF0,0x00,0x00,0x00,0x00,0x00,0x0F,0xF0,0x00,0x00,0x00,0x00,0x00,
    0x1F,0xE0,0x00,0x00,0x00,0x00,0x00,0x3F,0xC0,0x00,0x00,0x00,0x00,0x00,0x7F,0xC0,
    0x00,0x00,0x00,0x00,0x00,0xFF,0x80,0x00,0x01,0x00,0x00,0x03,0xFF,0x00,0x00,0x03,
    0xC0,0x00,0x0F,0xFE,0x00,0x00,0x03,0xFC,0x00,0xFF,0xFC,0x00,0x00,0x07,0xFF,0xFF,
    0xFF,0xF0,0x00,0x00,0x07,0xFF,0xFF,0xFF,0xE0,0x00,0x00,0x07,0xFF,0xFF,0xFF,0x80,
    0x00,0x00,0x01,0xFF,0xFF,0xFE,0x00,0x00,0x00,0x00,0x3F,0xFF,0xF0,0x00,0x00,0x00,
    0x00,0x00,0x78,0x00,0x00,0x00,0x00,0x00,0x0E,0x00,0x3F,0x80,0x7F,0xC0,0x7F,0xC0,
    0x7F,0xC0,0x7F,0xC0,0x7F,0xC0,0x7F,0xC0,0x3F,0x80,0x1F,0x00,0x00,0x00,0x00,0x00,
    0x00,0x00,0x00,0x00,0x00,0x00,0x00,0x00,0x00,0x00,0x00,0x00,0x00,0x00,0x00,0x00,
    0x00,0x00,0x00,0x00,0x00,0x00,0x00,0x00,0x00,0x00,0x00,0x00,0x00,0x00,0x00,0x00,
    0x00,0x00,0x00,0x00,0x00,0x00,0x00,0x00,0x00,0x00,0x00,0x00,0x00,0x00,0x00,0x00,
    0x00,0x00,0x00,0x00,0x00,0x00,0x1F,0x00,0x3F,0x80,0x7F,0xC0,0x7F,0xC0,0x7F,0xC0,
    0x7F,0xC0,0x7F,0xC0,0x3F,0x80,0x1F,0x00,0x00,0x00,0x00,0x00,0x0E,0x00,0x3F,0x80,
    0x7F,0xC0,0x7F,0xC0,0x7F,0xC0,0x7F,0xC0,0x7F,0xC0,0x7F,0xC0,0x3F,0x80,0x1F,0x00,
    0x00,0x00,0x00,0x00,0x00,0x00,0x00,0x00,0x00,0x00,0x00,0x00,0x00,0x00,0x00,0x00,
    0x00,0x00,0x00,0x00,0x00,0x00,0x00,0x00,0x00,0x00,0x00,0x00,0x00,0x00,0x00,0x00,
    0x00,0x00,0x00,0x00,0x00,0x00,0x00,0x00,0x00,0x00,0x00,0x00,0x00,0x00,0x00,0x00,
    0x00,0x00,0x00,0x00,0x00,0x00,0x00,0x00,0x00,0x00,0x1F,0x00,0x3F,0x80,0x7F,0xC0,
    0x7F,0xC0,0x7F,0xC0,0x7F,0xC0,0x7F,0xC0,0x3F,0xC0,0x1F,0xC0,0x0F,0x80,0x0F,0x80,
    0x0F,0x80,0x1F,0x00,0x1F,0x00,0x1F,0x00,0x1E,0x00,0x3E,0x00,0x3E,0x00,0x3C,0x00,
    0x3C,0x00,0x7C,0x00,0x7C,0x00,0x00,0x00,0x00,0x00,0x00,0x00,0x00,0x00,0x00,0x00,
    0x00,0x02,0x00,0x00,0x00,0x00,0x1E,0x00,0x00,0x00,0x00,0x7E,0x00,0x00,0x00,0x03,
    0xFE,0x00,0x00,0x00,0x0F,0xFE,0x00,0x00,0x00,0x7F,0xFE,0x00,0x00,0x01,0xFF,0xF8,
    0x00,0x00,0x0F,0xFF,0xC0,0x00,0x00,0x3F,0xFF,0x00,0x00,0x01,0xFF,0xF8,0x00,0x00,
    0x07,0xFF,0xE0,0x00,0x00,0x3F,0xFF,0x00,0x00,0x00,0xFF,0xFC,0x00,0x00,0x07,0xFF,
    0xE0,0x00,0x00,0x1F,0xFF,0x00,0x00,0x00,0x7F,0xFC,0x00,0x00,0x00,0xFF,0xE0,0x00,
    0x00,0x00,0xFF,0x80,0x00,0x00,0x00,0xFE,0x00,0x00,0x00,0x00,0xFF,0x80,0x00,0x00,
    0x00,0xFF,0xE0,0x00,0x00,0x00,0x7F,0xFC,0x00,0x00,0x00,0x1F,0xFF,0x00,0x00,0x00,
    0x07,0xFF,0xE0,0x00,0x00,0x00,0xFF,0xFC,0x00,0x00,0x00,0x3F,0xFF,0x00,0x00,0x00,
    0x07,0xFF,0xE0,0x00,0x00,0x01,0xFF,0xF8,0x00,0x00,0x00,0x3F,0xFF,0x00,0x00,0x00,
    0x0F,0xFF,0xC0,0x00,0x00,0x01,0xFF,0xF8,0x00,0x00,0x00,0x7F,0xFE,0x00,0x00,0x00,
    0x0F,0xFE,0x00,0x00,0x00,0x03,0xFE,0x00,0x00,0x00,0x00,0x7E,0x00,0x00,0x00,0x00,
    0x1E,0x00,0x00,0x00,0x00,0x02,0x00,0x00,0x00,0x00,0x00,0x00,0x7F,0xFF,0xFF,0xFF,
    0xFE,0xFF,0xFF,0xFF,0xFF,0xFE,0xFF,0xFF,0xFF,0xFF,0xFE,0xFF,0xFF,0xFF,0xFF,0xFE,
    0xFF,0xFF,0xFF,0xFF,0xFE,0xFF,0xFF,0xFF,0xFF,0xFE,0x00,0x00,0x00,0x00,0x00,0x00,
    0x00,0x00,0x00,0x00,0x00,0x00,0x00,0x00,0x00,0x00,0x00,0x00,0x00,0x00,0x00,0x00,
    0x00,0x00,0x00,0x00,0x00,0x00,0x00,0x00,0x00,0x00,0x00,0x00,0x00,0x00,0x00,0x00,
    0x00,0x00,0x00,0x00,0x00,0x00,0x00,0x00,0x00,0x00,0x00,0x00,0x00,0x00,0x00,0x00,
    0x00,0x00,0x00,0x00,0x00,0x00,0x00,0x00,0x00,0x00,0x00,0x00,0x00,0x00,0x00,0x00,
    0x00,0x00,0x00,0x00,0x00,0xFF,0xFF,0xFF,0xFF,0xFE,0xFF,0xFF,0xFF,0xFF,0xFE,0xFF,
    0xFF,0xFF,0xFF,0xFE,0xFF,0xFF,0xFF,0xFF,0xFE,0xFF,0xFF,0xFF,0xFF,0xFE,0x7F,0xFF,
    0xFF,0xFF,0xFE,0x00,0x00,0x00,0x00,0x00,0x00,0xC0,0x00,0x00,0x00,0x00,0xF0,0x00,
    0x00,0x00,0x00,0xFE,0x00,0x00,0x00,0x00,0xFF,0x80,0x00,0x00,0x00,0xFF,0xF0,0x00,
    0x00,0x00,0x7F,0xFC,0x00,0x00,0x00,0x1F,0xFF,0x80,0x00,0x00,0x07,0xFF,0xE0,0x00,
    0x00,0x00,0xFF,0xFC,0x00,0x00,0x00,0x1F,0xFF,0x00,0x00,0x00,0x07,0xFF,0xE0,0x00,
    0x00,0x00,0xFF,0xF8,0x00,0x00,0x00,0x3F,0xFF,0x00,0x00,0x00,0x07,0xFF,0xC0,0x00,
    0x00,0x01,0xFF,0xF8,0x00,0x00,0x00,0x3F,0xFE,0x00,0x00,0x00,0x0F,0xFE,0x00,0x00,
    0x00,0x01,0xFE,0x00,0x00,0x00,0x00,0x7E,0x00,0x00,0x00,0x01,0xFE,0x00,0x00,0x00,
    0x0F,0xFE,0x00,0x00,0x00,0x3F,0xFE,0x00,0x00,0x01,0xFF,0xF8,0x00,0x00,0x07,0xFF,
    0xC0,0x00,0x00,0x3F,0xFF,0x00,0x00,0x00,0xFF,0xF8,0x00,0x00,0x07,0xFF,0xE0,0x00,
    0x00,0x1F,0xFF,0x00,0x00,0x00,0xFF,0xFC,0x00,0x00,0x07,0xFF,0xE0,0x00,0x00,0x1F,
    0xFF,0x80,0x00,0x00,0x7F,0xFC,0x00,0x00,0x00,0xFF,0xF0,0x00,0x00,0x00,0xFF,0x80,
    0x00,0x00,0x00,0xFE,0x00,0x00,0x00,0x00,0xF0,0x00,0x00,0x00,0x00,0xC0,0x00,0x00,
    0x00,0x00,0x00,0x00,0x00,0x00,0x00,0x00,0x00,0x00,0x07,0x00,0x00,0x00,0x00,0x03,
    0xFF,0xFE,0x00,0x00,0x00,0x3F,0xFF,0xFF,0xC0,0x00,0x00,0xFF,0xFF,0xFF,0xF0,0x00,
    0x03,0xFF,0xFF,0xFF,0xF8,0x00,0x07,0xFF,0xFF,0xFF,0xFE,0x00,0x1F,0xFF,0x80,0x3F,
    0xFF,0x00,0x3F,0xF8,0x00,0x03,0xFF,0x80,0x7F,0xE0,0x00,0x00,0xFF,0x80,0xFF,0x80,
    0x00,0x00,0x7F,0xC0,0x7F,0x00,0x00,0x00,0x3F,0xC0,0x3E,0x00,0x00,0x00,0x1F,0xE0,
    0x0C,0x00,0x00,0x00,0x0F,0xE0,0x00,0x00,0x00,0x00,0x0F,0xE0,0x00,0x00,0x00,0x00,
    0x0F,0xE0,0x00,0x00,0x00,0x00,0x0F,0xE0,0x00,0x00,0x00,0x00,0x07,0xE0,0x00,0x00,
    0x00,0x00,0x07,0xE0,0x00,0x00,0x00,0x00,0x07,0xE0,0x00,0x00,0x00,0x00,0x0F,0xE0,
    0x00,0x00,0x00,0x00,0x0F,0xE0,0x00,0x00,0x00,0x00,0x0F,0xE0,0x00,0x00,0x00,0x00,
    0x1F,0xC0,0x00,0x00,0x00,0x00,0x1F,0xC0,0x00,0x00,0x00,0x00,0x3F,0x80,0x00,0x00,
    0x00,0x00,0x7F,0x80,0x00,0x00,0x00,0x00,0xFF,0x00,0x00,0x00,0x00,0x01,0xFE,0x00,
    0x00,0x00,0x00,0x03,0xFC,0x00,0x00,0x00,0x00,0x07,0xF8,0x00,0x00,0x00,0x00,0x0F,
    0xF0,0x00,0x00,0x00,0x00,0x1F,0xE0,0x00,0x00,0x00,0x00,0x3F,0xC0,0x00,0x00,0x00,
    0x00,0x7F,0x80,0x00,0x00,0x00,0x00,0xFF,0x00,0x00,0x00,0x00,0x01,0xFE,0x00,0x00,
    0x00,0x00,0x03,0xFC,0x00,0x00,0x00,0x00,0x03,0xF8,0x00,0x00,0x00,0x00,0x07,0xF8,
    0x00,0x00,0x00,0x00,0x07,0xF0,0x00,0x00,0x00,0x00,0x07,0xF0,0x00,0x00,0x00,0x00,
    0x0F,0xE0,0x00,0x00,0x00,0x00,0x0F,0xE0,0x00,0x00,0x00,0x00,0x0F,0xE0,0x00,0x00,
    0x00,0x00,0x0F,0xE0,0x00,0x00,0x00,0x00,0x00,0x00,0x00,0x00,0x00,0x00,0x00,0x00,
    0x00,0x00,0x00,0x00,0x00,0x00,0x00,0x00,0x00,0x00,0x00,0x00,0x00,0x00,0x00,0x00,
    0x00,0x00,0x00,0x00,0x00,0x00,0x00,0x00,0x00,0x00,0x00,0x00,0x00,0x00,0x00,0x00,
    0x00,0x00,0x00,0x00,0x00,0x00,0x00,0x00,0x00,0x00,0x00,0x00,0x00,0x00,0x00,0x00,
    0x00,0x00,0x00,0x00,0x03,0x80,0x00,0x00,0x00,0x00,0x0F,0xE0,0x00,0x00,0x00,0x00,
    0x1F,0xF0,0x00,0x00,0x00,0x00,0x1F,0xF0,0x00,0x00,0x00,0x00,0x1F,0xF0,0x00,0x00,
    0x00,0x00,0x1F,0xF0,0x00,0x00,0x00,0x00,0x1F,0xF0,0x00,0x00,0x00,0x00,0x0F,0xE0,
    0x00,0x00,0x00,0x00,0x07,0xC0,0x00,0x00,0x00,0x00,0x00,0x00,0x00,0x00,0x00,0x00,
    0x00,0x00,0x00,0x00,0x00,0xF8,0x00,0x00,0x00,0x00,0x00,0x00,0x00,0x00,0x00,0xFF,
    0xFF,0xF8,0x00,0x00,0x00,0x00,0x00,0x00,0x00,0x0F,0xFF,0xFF,0xFF,0x80,0x00,0x00,
    0x00,0x00,0x00,0x00,0x3F,0xFF,0xFF,0xFF,0xF0,0x00,0x00,0x00,0x00,0x00,0x01,0xFF,
    0xFF,0xFF,0xFF,0xFC,0x00,0x00,0x00,0x00,0x00,0x07,0xFF,0xF0,0x00,0x7F,0xFF,0x00,
    0x00,0x00,0x00,0x00,0x1F,0xFE,0x00,0x00,0x03,0xFF,0xC0,0x00,0x00,0x00,0x00,0x3F,
    0xF0,0x00,0x00,0x00,0x3F,0xF0,0x00,0x00,0x00,0x00,0xFF,0xC0,0x00,0x00,0x00,0x0F,
    0xF8,0x00,0x00,0x00,0x01,0xFF,0x00,0x00,0x00,0x00,0x03,0xFC,0x00,0x00,0x00,0x03,
    0xFC,0x00,0x00,0x00,0x00,0x00,0xFF,0x00,0x00,0x00,0x07,0xF0,0x00,0x00,0x00,0x00,
    0x00,0x7F,0x80,0x00,0x00,0x0F,0xE0,0x00,0x00,0x00,0x00,0x00,0x1F,0xC0,0x00,0x00,
    0x1F,0xC0,0x00,0x00,0x00,0x00,0x00,0x0F,0xE0,0x00,0x00,0x3F,0x80,0x00,0x00,0x00,
    0x00,0x00,0x07,0xF0,0x00,0x00,0x7F,0x00,0x00,0x00,0x00,0x00,0x00,0x03,0xF0,0x00,
    0x00,0xFE,0x00,0x00,0x00,0x00,0x00,0x00,0x01,0xF8,0x00,0x00,0xFC,0x00,0x00,0x00,
    0x00,0x00,0x00,0x00,0xFC,0x00,0x01,0xF8,0x00,0x00,0x0F,0xFC,0x00,0x1F,0x80,0x7C,
    0x00,0x03,0xF0,0x00,0x00,0x7F,0xFF,0xC0,0x1F,0x80,0x3E,0x00,0x03,0xE0,0x00,0x01,
    0xFF,0xFF,0xF0,0x1F,0x80,0x3F,0x00,0x07,0xE0,0x00,0x07,0xFF,0xFF,0xF8,0x1F,0x80,
    0x1F,0x00,0x07,0xC0,0x00,0x0F,0xFF,0xFF,0xFE,0x1F,0x80,0x1F,0x80,0x0F,0xC0,0x00,
    0x3F,0xFE,0x07,0xFF,0x1F,0x80,0x0F,0x80,0x0F,0x80,0x00,0x7F,0xE0,0x00,0x7F,0x9F,
    0x80,0x0F,0x80,0x1F,0x80,0x00,0xFF,0x80,0x00,0x1F,0xDF,0x80,0x07,0xC0,0x1F,0x00,
    0x00,0xFF,0x00,0x00,0x0F,0xDF,0x80,0x07,0xC0,0x1F,0x00,0x01,0xFC,0x00,0x00,0x03,
    0xFF,0x80,0x03,0xE0,0x3F,0x00,0x03,0xF8,0x00,0x00,0x01,0xFF,0x80,0x03,0xE0,0x3E,
    0x00,0x03,0xF8,0x00,0x00,0x00,0xFF,0x80,0x03,0xE0,0x3E,0x00,0x07,0xF0,0x00,0x00,
    0x00,0xFF,0x80,0x01,0xE0,0x3E,0x00,0x07,0xE0,0x00,0x00,0x00,0x7F,0x80,0x01,0xF0,
    0x7E,0x00,0x0F,0xE0,0x00,0x00,0x00,0x7F,0x80,0x01,0xF0,0x7C,0x00,0x0F,0xC0,0x00,
    0x00,0x00,0x3F,0x80,0x01,0xF0,0x7C,0x00,0x0F,0xC0,0x00,0x00,0x00,0x3F,0x80,0x01,
    0xF0,0x7C,0x00,0x0F,0xC0,0x00,0x00,0x00,0x3F,0x80,0x01,0xF0,0x7C,0x00,0x1F,0x80,
    0x00,0x00,0x00,0x1F,0x80,0x00,0xF0,0x7C,0x00,0x1F,0x80,0x00,0x00,0x00,0x1F,0x80,
    0x00,0xF0,0x7C,0x00,0x1F,0x80,0x00,0x00,0x00,0x1F,0x80,0x00,0xF0,0x7C,0x00,0x1F,
    0x80,0x00,0x00,0x00,0x1F,0x80,0x00,0xF0,0x7C,0x00,0x1F,0x80,0x00,0x00,0x00,0x1F,
    0x80,0x00,0xF0,0x7C,0x00,0x1F,0x80,0x00,0x00,0x00,0x1F,0x80,0x00,0xF0,0x7C,0x00,
    0x1F,0x80,0x00,0x00,0x00,0x1F,0x80,0x00,0xF0,0x7C,0x00,0x1F,0x80,0x00,0x00,0x00,
    0x1F,0x80,0x00,0xF0,0x7C,0x00,0x1F,0x80,0x00,0x00,0x00,0x1F,0x80,0x00,0xF0,0x7C,
    0x00,0x1F,0x80,0x00,0x00,0x00,0x1F,0x80,0x01,0xF0,0x7C,0x00,0x1F,0xC0,0x00,0x00,
    0x00,0x1F,0x80,0x01,0xF0,0x7C,0x00,0x0F,0xC0,0x00,0x00,0x00,0x3F,0x80,0x01,0xF0,
    0x7C,0x00,0x0F,0xC0,0x00,0x00,0x00,0x3F,0x80,0x01,0xF0,0x7C,0x00,0x0F,0xE0,0x00,
    0x00,0x00,0x3F,0x80,0x01,0xE0,0x3E,0x00,0x07,0xE0,0x00,0x00,0x00,0x7F,0x80,0x01,
    0xE0,0x3E,0x00,0x07,0xF0,0x00,0x00,0x00,0xFF,0x80,0x03,0xE0,0x3E,0x00,0x03,0xF0,
    0x00,0x00,0x00,0xFF,0x80,0x03,0xE0,0x3E,0x00,0x03,0xF8,0x00,0x00,0x01,0xFF,0x80,
    0x03,0xC0,0x1F,0x00,0x01,0xFC,0x00,0x00,0x03,0xFF,0x80,0x07,0xC0,0x1F,0x00,0x01,
    0xFE,0x00,0x00,0x07,0xFF,0x80,0x07,0xC0,0x1F,0x80,0x00,0xFF,0x00,0x00,0x0F,0xDF,
    0xC0,0x0F,0x80,0x0F,0x80,0x00,0x7F,0xC0,0x00,0x3F,0x8F,0xC0,0x1F,0x80,0x0F,0x80,
    0x00,0x3F,0xF8,0x01,0xFF,0x0F,0xF0,0x3F,0x00,0x07,0xC0,0x00,0x1F,0xFF,0xFF,0xFE,
    0x0F,0xFF,0xFE,0x00,0x07,0xE0,0x00,0x0F,0xFF,0xFF,0xFC,0x07,0xFF,0xFC,0x00,0x03,
    0xE0,0x00,0x03,0xFF,0xFF,0xF8,0x03,0xFF,0xF8,0x00,0x03,0xF0,0x00,0x00,0xFF,0xFF,
    0xE0,0x01,0xFF,0xF0,0x00,0x01,0xF8,0x00,0x00,0x1F,0xFF,0x00,0x00,0x7F,0xC0,0x00,
    0x01,0xF8,0x00,0x00,0x00,0x00,0x00,0x00,0x00,0x00,0x00,0x00,0xFC,0x00,0x00,0x00,
    0x00,0x00,0x00,0x00,0x00,0x00,0x00,0x7E,0x00,0x00,0x00,0x00,0x00,0x00,0x00,0x00,
    0x00,0x00,0x7F,0x00,0x00,0x00,0x00,0x00,0x00,0x00,0x00,0x00,0x00,0x3F,0x80,0x00,
    0x00,0x00,0x00,0x00,0x00,0x00,0x00,0x00,0x1F,0xC0,0x00,0x00,0x00,0x00,0x00,0x00,
    0x00,0x00,0x00,0x0F,0xF0,0x00,0x00,0x00,0x00,0x00,0x00,0x00,0x00,0x00,0x07,0xF8,
    0x00,0x00,0x00,0x00,0x00,0x00,0x00,0x00,0x00,0x03,0xFE,0x00,0x00,0x00,0x00,0x00,
    0x00,0x00,0x00,0x00,0x00,0xFF,0x80,0x00,0x00,0x00,0x00,0x00,0x00,0x00,0x00,0x00,
    0x7F,0xE0,0x00,0x00,0x00,0x70,0x00,0x00,0x00,0x00,0x00,0x1F,0xFC,0x00,0x00,0x03,
    0xF0,0x00,0x00,0x00,0x00,0x00,0x0F,0xFF,0x80,0x00,0x1F,0xF8,0x00,0x00,0x00,0x00,
    0x00,0x03,0xFF,0xFF,0xFF,0xFF,0xF8,0x00,0x00,0x00,0x00,0x00,0x00,0xFF,0xFF,0xFF,
    0xFF,0xF0,0x00,0x00,0x00,0x00,0x00,0x00,0x1F,0xFF,0xFF,0xFF,0x80,0x00,0x00,0x00,
    0x00,0x00,0x00,0x03,0xFF,0xFF,0xFC,0x00,0x00,0x00,0x00,0x00,0x00,0x00,0x00,0x1F,
    0xFF,0x80,0x00,0x00,0x00,0x00,0x00,0x00,0x00,0x00,0x00,0x07,0xF0,0x00,0x00,0x00,
    0x00,0x00,0x00,0x00,0x0F,0xF0,0x00,0x00,0x00,0x00,0x00,0x00,0x00,0x0F,0xF8,0x00,
    0x00,0x00,0x00,0x00,0x00,0x00,0x1F,0xF8,0x00,0x00,0x00,0x00,0x00,0x00,0x00,0x1F,
    0xFC,0x00,0x00,0x00,0x00,0x00,0x00,0x00,0x3F,0xFC,0x00,0x00,0x00,0x00,0x00,0x00,
    0x00,0x3F,0xFE,0x00,0x00,0x00,0x00,0x00,0x00,0x00,0x3F,0xFE,0x00,0x00,0x00,0x00,
    0x00,0x00,0x00,0x7E,0x7E,0x00,0x00,0x00,0x00,0x00,0x00,0x00,0x7E,0x7F,0x00,0x00,
    0x00,0x00,0x00,0x00,0x00,0xFE,0x3F,0x00,0x00,0x00,0x00,0x00,0x00,0x00,0xFC,0x3F,
    0x80,0x00,0x00,0x00,0x00,0x00,0x01,0xFC,0x1F,0x80,0x00,0x00,0x00,0x00,0x00,0x01,
    0xF8,0x1F,0xC0,0x00,0x00,0x00,0x00,0x00,0x03,0xF8,0x0F,0xC0,0x00,0x00,0x00,0x00,
    0x00,0x03,0xF0,0x0F,0xE0,0x00,0x00,0x00,0x00,0x00,0x07,0xF0,0x07,0xE0,0x00,0x00,
    0x00,0x00,0x00,0x07,0xE0,0x07,0xF0,0x00,0x00,0x00,0x00,0x00,0x07,0xE0,0x07,0xF0,
    0x00,0x00,0x00,0x00,0x00,0x0F,0xE0,0x03,0xF0,0x00,0x00,0x00,0x00,0x00,0x0F,0xC0,
    0x03,0xF8,0x00,0x00,0x00,0x00,0x00,0x1F,0xC0,0x01,0xF8,0x00,0x00,0x00,0x00,0x00,
    0x1F,0x80,0x01,0xFC,0x00,0x00,0x00,0x00,0x00,0x3F,0x80,0x00,0xFC,0x00,0x00,0x00,
    0x00,0x00,0x3F,0x00,0x00,0xFE,0x00,0x00,0x00,0x00,0x00,0x7F,0x00,0x00,0x7E,0x00,
    0x00,0x00,0x00,0x00,0x7E,0x00,0x00,0x7F,0x00,0x00,0x00,0x00,0x00,0xFE,0x00,0x00,
    0x7F,0x00,0x00,0x00,0x00,0x00,0xFE,0x00,0x00,0x3F,0x80,0x00,0x00,0x00,0x01,0xFC,
    0x00,0x00,0x3F,0x80,0x00,0x00,0x00,0x01,0xFC,0x00,0x00,0x1F,0x80,0x00,0x00,0x00,
    0x01,0xF8,0x00,0x00,0x1F,0xC0,0x00,0x00,0x00,0x03,0xF8,0x00,0x00,0x0F,0xC0,0x00,
    0x00,0x00,0x03,0xF0,0x00,0x00,0x0F,0xE0,0x00,0x00,0x00,0x07,0xF0,0x00,0x00,0x07,
    0xE0,0x00,0x00,0x00,0x07,0xE0,0x00,0x00,0x07,0xF0,0x00,0x00,0x00,0x0F,0xE0,0x00,
    0x00,0x07,0xF0,0x00,0x00,0x00,0x0F,0xE0,0x00,0x00,0x03,0xF8,0x00,0x00,0x00,0x1F,
    0xC0,0x00,0x00,0x03,0xF8,0x00,0x00,0x00,0x1F,0xC0,0x00,0x00,0x01,0xFC,0x00,0x00,
    0x00,0x3F,0x80,0x00,0x00,0x01,0xFC,0x00,0x00,0x00,0x3F,0xFF,0xFF,0xFF,0xFF,0xFE,
    0x00,0x00,0x00,0x3F,0xFF,0xFF,0xFF,0xFF,0xFE,0x00,0x00,0x00,0x7F,0xFF,0xFF,0xFF,
    0xFF,0xFE,0x00,0x00,0x00,0x7F,0xFF,0xFF,0xFF,0xFF,0xFF,0x00,0x00,0x00,0xFF,0xFF,
    0xFF,0xFF,0xFF,0xFF,0x00,0x00,0x00,0xFE,0x00,0x00,0x00,0x00,0x3F,0x80,0x00,0x01,
    0xFC,0x00,0x00,0x00,0x00,0x3F,0x80,0x00,0x01,0xFC,0x00,0x00,0x00,0x00,0x1F,0xC0,
    0x00,0x03,0xF8,0x00,0x00,0x00,0x00,0x1F,0xC0,0x00,0x03,0xF8,0x00,0x00,0x00,0x00,
    0x0F,0xE0,0x00,0x07,0xF0,0x00,0x00,0x00,0x00,0x0F,0xE0,0x00,0x07,0xF0,0x00,0x00,
    0x00,0x00,0x07,0xF0,0x00,0x07,0xE0,0x00,0x00,0x00,0x00,0x07,0xF0,0x00,0x0F,0xE0,
    0x00,0x00,0x00,0x00,0x03,0xF0,0x00,0x0F,0xC0,0x00,0x00,0x00,0x00,0x03,0xF8,0x00,
    0x1F,0xC0,0x00,0x00,0x00,0x00,0x03,0xF8,0x00,0x1F,0xC0,0x00,0x00,0x00,0x00,0x01,
    0xFC,0x00,0x3F,0x80,0x00,0x00,0x00,0x00,0x01,0xFC,0x00,0x3F,0x80,0x00,0x00,0x00,
    0x00,0x00,0xFE,0x00,0x7F,0x00,0x00,0x00,0x00,0x00,0x00,0xFE,0x00,0x7F,0x00,0x00,
    0x00,0x00,0x00,0x00,0x7F,0x00,0xFE,0x00,0x00,0x00,0x00,0x00,0x00,0x7F,0x00,0x00,
    0xFF,0xFF,0xFF,0xFF,0xC0,0x00,0x00,0xFF,0xFF,0xFF,0xFF,0xFC,0x00,0x00,0xFF,0xFF,
    0xFF,0xFF,0xFF,0x80,0x00,0xFF,0xFF,0xFF,0xFF,0xFF,0xE0,0x00,0xFF,0xFF,0xFF,0xFF,
    0xFF,0xF0,0x00,0xFE,0x00,0x00,0x1F,0xFF,0xF8,0x00,0xFE,0x00,0x00,0x00,0x1F,0xFC,
    0x00,0xFE,0x00,0x00,0x00,0x07,0xFE,0x00,0xFE,0x00,0x00,0x00,0x01,0xFF,0x00,0xFE,
    0x00,0x00,0x00,0x00,0xFF,0x00,0xFE,0x00,0x00,0x00,0x00,0x7F,0x80,0xFE,0x00,0x00,
    0x00,0x00,0x3F,0x80,0xFE,0x00,0x00,0x00,0x00,0x3F,0x80,0xFE,0x00,0x00,0x00,0x00,
    0x3F,0x80,0xFE,0x00,0x00,0x00,0x00,0x1F,0xC0,0xFE,0x00,0x00,0x00,0x00,0x1F,0xC0,
    0xFE,0x00,0x00,0x00,0x00,0x1F,0xC0,0xFE,0x00,0x00,0x00,0x00,0x1F,0xC0,0xFE,0x00,
    0x00,0x00,0x00,0x1F,0x80,0xFE,0x00,0x00,0x00,0x00,0x1F,0x80,0xFE,0x00,0x00,0x00,
    0x00,0x3F,0x80,0xFE,0x00,0x00,0x00,0x00,0x3F,0x80,0xFE,0x00,0x00,0x00,0x00,0x3F,
    0x00,0xFE,0x00,0x00,0x00,0x00,0x7F,0x00,0xFE,0x00,0x00,0x00,0x00,0xFE,0x00,0xFE,
    0x00,0x00,0x00,0x01,0xFE,0x00,0xFE,0x00,0x00,0x00,0x07,0xFC,0x00,0xFE,0x00,0x00,
    0x00,0x3F,0xF8,0x00,0xFF,0xFF,0xFF,0xFF,0xFF,0xF0,0x00,0xFF,0xFF,0xFF,0xFF,0xFF,
    0xC0,0x00,0xFF,0xFF,0xFF,0xFF,0xFF,0x80,0x00,0xFF,0xFF,0xFF,0xFF,0xFF,0xE0,0x00,
    0xFF,0xFF,0xFF,0xFF,0xFF,0xF8,0x00,0xFF,0xFF,0xFF,0xFF,0xFF,0xFE,0x00,0xFE,0x00,
    0x00,0x00,0x0F,0xFF,0x00,0xFE,0x00,0x00,0x00,0x01,0xFF,0x80,0xFE,0x00,0x00,0x00,
    0x00,0x3F,0xC0,0xFE,0x00,0x00,0x00,0x00,0x1F,0xE0,0xFE,0x00,0x00,0x00,0x00,0x0F,
    0xE0,0xFE,0x00,0x00,0x00,0x00,0x07,0xF0,0xFE,0x00,0x00,0x00,0x00,0x07,0xF0,0xFE,
    0x00,0x00,0x00,0x00,0x03,0xF0,0xFE,0x00,0x00,0x00,0x00,0x03,0xF8,0xFE,0x00,0x00,
    0x00,0x00,0x03,0xF8,0xFE,0x00,0x00,0x00,0x00,0x03,0xF8,0xFE,0x00,0x00,0x00,0x00,
    0x03,0xF8,0xFE,0x00,0x00,0x00,0x00,0x03,0xF8,0xFE,0x00,0x00,0x00,0x00,0x03,0xF8,
    0xFE,0x00,0x00,0x00,0x00,0x03,0xF8,0xFE,0x00,0x00,0x00,0x00,0x03,0xF8,0xFE,0x00,
    0x00,0x00,0x00,0x07,0xF0,0xFE,0x00,0x00,0x00,0x00,0x07,0xF0,0xFE,0x00,0x00,0x00,
    0x00,0x0F,0xF0,0xFE,0x00,0x00,0x00,0x00,0x1F,0xE0,0xFE,0x00,0x00,0x00,0x00,0x3F,
    0xE0,0xFE,0x00,0x00,0x00,0x00,0xFF,0xC0,0xFE,0x00,0x00,0x00,0x03,0xFF,0x80,0xFE,
    0x00,0x00,0x03,0xFF,0xFF,0x00,0xFF,0xFF,0xFF,0xFF,0xFF,0xFE,0x00,0xFF,0xFF,0xFF,
    0xFF,0xFF,0xFC,0x00,0xFF,0xFF,0xFF,0xFF,0xFF,0xF0,0x00,0xFF,0xFF,0xFF,0xFF,0xFF,
    0x80,0x00,0xFF,0xFF,0xFF,0xFF,0xF8,0x00,0x00,0x00,0x00,0x00,0x00,0x00,0x00,0x00,
    0xF0,0x00,0x00,0x00,0x00,0x00,0x00,0x7F,0xFF,0xE0,0x00,0x00,0x00,0x00,0x07,0xFF,
    0xFF,0xFC,0x00,0x00,0x00,0x00,0x1F,0xFF,0xFF,0xFF,0x00,0x00,0x00,0x00,0x7F,0xFF,
    0xFF,0xFF,0xC0,0x00,0x00,0x01,0xFF,0xFF,0xFF,0xFF,0xF0,0x00,0x00,0x03,0xFF,0xFF,
    0x0F,0xFF,0xF8,0x00,0x00,0x0F,0xFF,0xC0,0x00,0x3F,0xFE,0x00,0x00,0x1F,0xFE,0x00,
    0x00,0x07,0xFF,0x00,0x00,0x3F,0xF8,0x00,0x00,0x01,0xFF,0x00,0x00,0x7F,0xE0,0x00,
    0x00,0x00,0xFF,0x00,0x00,0xFF,0xC0,0x00,0x00,0x00,0x3E,0x00,0x01,0xFF,0x00,0x00,
    0x00,0x00,0x1C,0x00,0x01,0xFE,0x00,0x00,0x00,0x00,0x08,0x00,0x03,0xFC,0x00,0x00,
    0x00,0x00,0x00,0x00,0x07,0xF8,0x00,0x00,0x00,0x00,0x00,0x00,0x07,0xF8,0x00,0x00,
    0x00,0x00,0x00,0x00,0x0F,0xF0,0x00,0x00,0x00,0x00,0x00,0x00,0x0F,0xE0,0x00,0x00,
    0x00,0x00,0x00,0x00,0x1F,0xE0,0x00,0x00,0x00,0x00,0x00,0x00,0x1F,0xC0,0x00,0x00,
    0x00,0x00,0x00,0x00,0x3F,0xC0,0x00,0x00,0x00,0x00,0x00,0x00,0x3F,0x80,0x00,0x00,
    0x00,0x00,0x00,0x00,0x3F,0x80,0x00,0x00,0x00,0x00,0x00,0x00,0x3F,0x00,0x00,0x00,
    0x00,0x00,0x00,0x00,0x7F,0x00,0x00,0x00,0x00,0x00,0x00,0x00,0x7F,0x00,0x00,0x00,
    0x00,0x00,0x00,0x00,0x7F,0x00,0x00,0x00,0x00,0x00,0x00,0x00,0x7F,0x00,0x00,0x00,
    0x00,0x00,0x00,0x00,0x7E,0x00,0x00,0x00,0x00,0x00,0x00,0x00,0x7E,0x00,0x00,0x00,
    0x00,0x00,0x00,0x00,0x7E,0x00,0x00,0x00,0x00,0x00,0x00,0x00,0x7E,0x00,0x00,0x00,
    0x00,0x00,0x00,0x00,0x7E,0x00,0x00,0x00,0x00,0x00,0x00,0x00,0x7E,0x00,0x00,0x00,
    0x00,0x00,0x00,0x00,0x7E,0x00,0x00,0x00,0x00,0x00,0x00,0x00,0x7F,0x00,0x00,0x00,
    0x00,0x00,0x00,0x00,0x7F,0x00,0x00,0x00,0x00,0x00,0x00,0x00,0x7F,0x00,0x00,0x00,
    0x00,0x00,0x00,0x00,0x7F,0x00,0x00,0x00,0x00,0x00,0x00,0x00,0x3F,0x00,0x00,0x00,
    0x00,0x00,0x00,0x00,0x3F,0x80,0x00,0x00,0x00,0x00,0x00,0x00,0x3F,0x80,0x00,0x00,
    0x00,0x00,0x00,0x00,0x3F,0xC0,0x00,0x00,0x00,0x00,0x00,0x00,0x1F,0xC0,0x00,0x00,
    0x00,0x00,0x00,0x00,0x1F,0xE0,0x00,0x00,0x00,0x00,0x00,0x00,0x0F,0xE0,0x00,0x00,
    0x00,0x00,0x00,0x00,0x0F,0xF0,0x00,0x00,0x00,0x00,0x00,0x00,0x07,0xF8,0x00,0x00,
    0x00,0x00,0x00,0x00,0x07,0xF8,0x00,0x00,0x00,0x00,0x00,0x00,0x03,0xFC,0x00,0x00,
    0x00,0x00,0x00,0x00,0x01,0xFE,0x00,0x00,0x00,0x00,0x08,0x00,0x01,0xFF,0x00,0x00,
    0x00,0x00,0x1C,0x00,0x00,0xFF,0xC0,0x00,0x00,0x00,0x3E,0x00,0x00,0x7F,0xE0,0x00,
    0x00,0x00,0xFF,0x00,0x00,0x3F,0xF8,0x00,0x00,0x01,0xFF,0x00,0x00,0x1F,0xFE,0x00,
    0x00,0x07,0xFF,0x00,0x00,0x0F,0xFF,0xC0,0x00,0x3F,0xFC,0x00,0x00,0x03,0xFF,0xFF,
    0x0F,0xFF,0xF8,0x00,0x00,0x01,0xFF,0xFF,0xFF,0xFF,0xF0,0x00,0x00,0x00,0x7F,0xFF,
    0xFF,0xFF,0xC0,0x00,0x00,0x00,0x1F,0xFF,0xFF,0xFF,0x00,0x00,0x00,0x00,0x07,0xFF,
    0xFF,0xFC,0x00,0x00,0x00,0x00,0x00,0x7F,0xFF,0xC0,0x00,0x00,0x00,0x00,0x00,0x00,
    0xF0,0x00,0x00,0x00,0xFF,0xFF,0xFF,0xFF,0x80,0x00,0x00,0x00,0xFF,0xFF,0xFF,0xFF,
    0xF8,0x00,0x00,0x00,0xFF,0xFF,0xFF,0xFF,0xFF,0x00,0x00,0x00,0xFF,0xFF,0xFF,0xFF,
    0xFF,0xE0,0x00,0x00,0xFF,0xFF,0xFF,0xFF,0xFF,0xF0,0x00,0x00,0xFF,0xFF,0xFF,0xFF,
    0xFF,0xFC,0x00,0x00,0xFE,0x00,0x00,0x00,0x7F,0xFF,0x00,0x00,0xFE,0x00,0x00,0x00,
    0x0F,0xFF,0x80,0x00,0xFE,0x00,0x00,0x00,0x01,0xFF,0xC0,0x00,0xFE,0x00,0x00,0x00,
    0x00,0x7F,0xE0,0x00,0xFE,0x00,0x00,0x00,0x00,0x3F,0xF0,0x00,0xFE,0x00,0x00,0x00,
    0x00,0x0F,0xF8,0x00,0xFE,0x00,0x00,0x00,0x00,0x07,0xFC,0x00,0xFE,0x00,0x00,0x00,
    0x00,0x03,0xFC,0x00,0xFE,0x00,0x00,0x00,0x00,0x01,0xFE,0x00,0xFE,0x00,0x00,0x00,
    0x00,0x00,0xFF,0x00,0xFE,0x00,0x00,0x00,0x00,0x00,0x7F,0x00,0xFE,0x00,0x00,0x00,
    0x00,0x00,0x7F,0x80,0xFE,0x00,0x00,0x00,0x00,0x00,0x3F,0x80,0xFE,0x00,0x00,0x00,
    0x00,0x00,0x3F,0xC0,0xFE,0x00,0x00,0x00,0x00,0x00,0x1F,0xC0,0xFE,0x00,0x00,0x00,
    0x00,0x00,0x1F,0xC0,0xFE,0x00,0x00,0x00,0x00,0x00,0x0F,0xE0,0xFE,0x00,0x00,0x00,
    0x00,0x00,0x0F,0xE0,0xFE,0x00,0x00,0x00,0x00,0x00,0x0F,0xE0,0xFE,0x00,0x00,0x00,
    0x00,0x00,0x0F,0xE0,0xFE,0x00,0x00,0x00,0x00,0x00,0x07,0xE0,0xFE,0x00,0x00,0x00,
    0x00,0x00,0x07,0xE0,0xFE,0x00,0x00,0x00,0x00,0x00,0x07,0xF0,0xFE,0x00,0x00,0x00,
    0x00,0x00,0x07,0xF0,0xFE,0x00,0x00,0x00,0x00,0x00,0x07,0xF0,0xFE,0x00,0x00,0x00,
    0x00,0x00,0x07,0xF0,0xFE,0x00,0x00,0x00,0x00,0x00,0x07,0xF0,0xFE,0x00,0x00,0x00,
    0x00,0x00,0x07,0xF0,0xFE,0x00,0x00,0x00,0x00,0x00,0x07,0xF0,0xFE,0x00,0x00,0x00,
    0x00,0x00,0x07,0xE0,0xFE,0x00,0x00,0x00,0x00,0x00,0x07,0xE0,0xFE,0x00,0x00,0x00,
    0x00,0x00,0x0F,0xE0,0xFE,0x00,0x00,0x00,0x00,0x00,0x0F,0xE0,0xFE,0x00,0x00,0x00,
    0x00,0x00,0x0F,0xE0,0xFE,0x00,0x00,0x00,0x00,0x00,0x0F,0xE0,0xFE,0x00,0x00,0x00,
    0x00,0x00,0x1F,0xC0,0xFE,0x00,0x00,0x00,0x00,0x00,0x1F,0xC0,0xFE,0x00,0x00,0x00,
    0x00,0x00,0x3F,0xC0,0xFE,0x00,0x00,0x00,0x00,0x00,0x3F,0x80,0xFE,0x00,0x00,0x00,
    0x00,0x00,0x7F,0x80,0xFE,0x00,0x00,0x00,0x00,0x00,0x7F,0x00,0xFE,0x00,0x00,0x00,
    0x00,0x00,0xFF,0x00,0xFE,0x00,0x00,0x00,0x00,0x01,0xFE,0x00,0xFE,0x00,0x00,0x00,
    0x00,0x03,0xFC,0x00,0xFE,0x00,0x00,0x00,0x00,0x07,0xFC,0x00,0xFE,0x00,0x00,0x00,
    0x00,0x0F,0xF8,0x00,0xFE,0x00,0x00,0x00,0x00,0x3F,0xF0,0x00,0xFE,0x00,0x00,0x00,
    0x00,0x7F,0xE0,0x00,0xFE,0x00,0x00,0x00,0x01,0xFF,0xC0,0x00,0xFE,0x00,0x00,0x00,
    0x07,0xFF,0x80,0x00,0xFE,0x00,0x00,0x00,0x7F,0xFF,0x00,0x00,0xFF,0xFF,0xFF,0xFF,
    0xFF,0xFC,0x00,0x00,0xFF,0xFF,0xFF,0xFF,0xFF,0xF0,0x00,0x00,0xFF,0xFF,0xFF,0xFF,
    0xFF,0xE0,0x00,0x00,0xFF,0xFF,0xFF,0xFF,0xFF,0x00,0x00,0x00,0xFF,0xFF,0xFF,0xFF,
    0xF8,0x00,0x00,0x00,0xFF,0xFF,0xFF,0xFF,0x80,0x00,0x00,0x00,0xFF,0xFF,0xFF,0xFF,
    0xFF,0xE0,0xFF,0xFF,0xFF,0xFF,0xFF,0xE0,0xFF,0xFF,0xFF,0xFF,0xFF,0xE0,0xFF,0xFF,
    0xFF,0xFF,0xFF,0xE0,0xFF,0xFF,0xFF,0xFF,0xFF,0xE0,0xFF,0xFF,0xFF,0xFF,0xFF,0xE0,
    0xFE,0x00,0x00,0x00,0x00,0x00,0xFE,0x00,0x00,0x00,0x00,0x00,0xFE,0x00,0x00,0x00,
    0x00,0x00,0xFE,0x00,0x00,0x00,0x00,0x00,0xFE,0x00,0x00,0x00,0x00,0x00,0xFE,0x00,
    0x00,0x00,0x00,0x00,0xFE,0x00,0x00,0x00,0x00,0x00,0xFE,0x00,0x00,0x00,0x00,0x00,
    0xFE,0x00,0x00,0x00,0x00,0x00,0xFE,0x00,0x00,0x00,0x00,0x00,0xFE,0x00,0x00,0x00,
    0x00,0x00,0xFE,0x00,0x00,0x00,0x00,0x00,0xFE,0x00,0x00,0x00,0x00,0x00,0xFE,0x00,
    0x00,0x00,0x00,0x00,0xFE,0x00,0x00,0x00,0x00,0x00,0xFE,0x00,0x00,0x00,0x00,0x00,
    0xFE,0x00,0x00,0x00,0x00,0x00,0xFE,0x00,0x00,0x00,0x00,0x00,0xFE,0x00,0x00,0x00,
    0x00,0x00,0xFE,0x00,0x00,0x00,0x00,0x00,0xFE,0x00,0x00,0x00,0x00,0x00,0xFE,0x00,
    0x00,0x00,0x00,0x00,0xFF,0xFF,0xFF,0xFF,0xFE,0x00,0xFF,0xFF,0xFF,0xFF,0xFF,0x00,
    0xFF,0xFF,0xFF,0xFF,0xFF,0x00,0xFF,0xFF,0xFF,0xFF,0xFF,0x00,0xFF,0xFF,0xFF,0xFF,
    0xFF,0x00,0xFF,0xFF,0xFF,0xFF,0xFE,0x00,0xFE,0x00,0x00,0x00,0x00,0x00,0xFE,0x00,
    0x00,0x00,0x00,0x00,0xFE,0x00,0x00,0x00,0x00,0x00,0xFE,0x00,0x00,0x00,0x00,0x00,
    0xFE,0x00,0x00,0x00,0x00,0x00,0xFE,0x00,0x00,0x00,0x00,0x00,0xFE,0x00,0x00,0x00,
    0x00,0x00,0xFE,0x00,0x00,0x00,0x00,0x00,0xFE,0x00,0x00,0x00,0x00,0x00,0xFE,0x00,
    0x00,0x00,0x00,0x00,0xFE,0x00,0x00,0x00,0x00,0x00,0xFE,0x00,0x00,0x00,0x00,0x00,
    0xFE,0x00,0x00,0x00,0x00,0x00,0xFE,0x00,0x00,0x00,0x00,0x00,0xFE,0x00,0x00,0x00,
    0x00,0x00,0xFE,0x00,0x00,0x00,0x00,0x00,0xFE,0x00,0x00,0x00,0x00,0x00,0xFE,0x00,
    0x00,0x00,0x00,0x00,0xFE,0x00,0x00,0x00,0x00,0x00,0xFE,0x00,0x00,0x00,0x00,0x00,
    0xFE,0x00,0x00,0x00,0x00,0x00,0xFE,0x00,0x00,0x00,0x00,0x00,0xFE,0x00,0x00,0x00,
    0x00,0x00,0xFF,0xFF,0xFF,0xFF,0xFF,0xF8,0xFF,0xFF,0xFF,0xFF,0xFF,0xF8,0xFF,0xFF,
    0xFF,0xFF,0xFF,0xF8,0xFF,0xFF,0xFF,0xFF,0xFF,0xF8,0xFF,0xFF,0xFF,0xFF,0xFF,0xF8,
    0xFF,0xFF,0xFF,0xFF,0xFF,0xF8,0x00,0x00,0xFF,0xFF,0xFF,0xFF,0xFF,0xE0,0xFF,0xFF,
    0xFF,0xFF,0xFF,0xE0,0xFF,0xFF,0xFF,0xFF,0xFF,0xE0,0xFF,0xFF,0xFF,0xFF,0xFF,0xE0,
    0xFF,0xFF,0xFF,0xFF,0xFF,0xE0,0xFF,0xFF,0xFF,0xFF,0xFF,0xE0,0xFE,0x00,0x00,0x00,
    0x00,0x00,0xFE,0x00,0x00,0x00,0x00,0x00,0xFE,0x00,0x00,0x00,0x00,0x00,0xFE,0x00,
    0x00,0x00,0x00,0x00,0xFE,0x00,0x00,0x00,0x00,0x00,0xFE,0x00,0x00,0x00,0x00,0x00,
    0xFE,0x00,0x00,0x00,0x00,0x00,0xFE,0x00,0x00,0x00,0x00,0x00,0xFE,0x00,0x00,0x00,
    0x00,0x00,0xFE,0x00,0x00,0x00,0x00,0x00,0xFE,0x00,0x00,0x00,0x00,0x00,0xFE,0x00,
    0x00,0x00,0x00,0x00,0xFE,0x00,0x00,0x00,0x00,0x00,0xFE,0x00,0x00,0x00,0x00,0x00,
    0xFE,0x00,0x00,0x00,0x00,0x00,0xFE,0x00,0x00,0x00,0x00,0x00,0xFE,0x00,0x00,0x00,
    0x00,0x00,0xFE,0x00,0x00,0x00,0x00,0x00,0xFE,0x00,0x00,0x00,0x00,0x00,0xFE,0x00,
    0x00,0x00,0x00,0x00,0xFE,0x00,0x00,0x00,0x00,0x00,0xFE,0x00,0x00,0x00,0x00,0x00,
    0xFE,0x00,0x00,0x00,0x00,0x00,0xFE,0x00,0x00,0x00,0x00,0x00,0xFE,0x00,0x00,0x00,
    0x00,0x00,0xFF,0xFF,0xFF,0xFF,0xFF,0x00,0xFF,0xFF,0xFF,0xFF,0xFF,0x00,0xFF,0xFF,
    0xFF,0xFF,0xFF,0x00,0xFF,0xFF,0xFF,0xFF,0xFF,0x00,0xFF,0xFF,0xFF,0xFF,0xFF,0x00,
    0xFE,0x00,0x00,0x00,0x00,0x00,0xFE,0x00,0x00,0x00,0x00,0x00,0xFE,0x00,0x00,0x00,
    0x00,0x00,0xFE,0x00,0x00,0x00,0x00,0x00,0xFE,0x00,0x00,0x00,0x00,0x00,0xFE,0x00,
    0x00,0x00,0x00,0x00,0xFE,0x00,0x00,0x00,0x00,0x00,0xFE,0x00,0x00,0x00,0x00,0x00,
    0xFE,0x00,0x00,0x00,0x00,0x00,0xFE,0x00,0x00,0x00,0x00,0x00,0xFE,0x00,0x00,0x00,
    0x00,0x00,0xFE,0x00,0x00,0x00,0x00,0x00,0xFE,0x00,0x00,0x00,0x00,0x00,0xFE,0x00,
    0x00,0x00,0x00,0x00,0xFE,0x00,0x00,0x00,0x00,0x00,0xFE,0x00,0x00,0x00,0x00,0x00,
    0xFE,0x00,0x00,0x00,0x00,0x00,0xFE,0x00,0x00,0x00,0x00,0x00,0xFE,0x00,0x00,0x00,
    0x00,0x00,0xFE,0x00,0x00,0x00,0x00,0x00,0xFE,0x00,0x00,0x00,0x00,0x00,0xFE,0x00,
    0x00,0x00,0x00,0x00,0xFE,0x00,0x00,0x00,0x00,0x00,0xFE,0x00,0x00,0x00,0x00,0x00,
    0xFE,0x00,0x00,0x00,0x00,0x00,0xFE,0x00,0x00,0x00,0x00,0x00,0xFE,0x00,0x00,0x00,
    0x00,0x00,0x00,0x00,0x00,0x00,0x00,0x00,0xF0,0x00,0x00,0x00,0x00,0x00,0x00,0x7F,
    0xFF,0xE0,0x00,0x00,0x00,0x00,0x03,0xFF,0xFF,0xFE,0x00,0x00,0x00,0x00,0x1F,0xFF,
    0xFF,0xFF,0x80,0x00,0x00,0x00,0x7F,0xFF,0xFF,0xFF,0xE0,0x00,0x00,0x01,0xFF,0xFF,
    0xFF,0xFF,0xF8,0x00,0x00,0x03,0xFF,0xFF,0x07,0xFF,0xFC,0x00,0x00,0x07,0xFF,0xC0,
    0x00,0x1F,0xFE,0x00,0x00,0x1F,0xFE,0x00,0x00,0x07,0xFF,0x00,0x00,0x3F,0xF8,0x00,
    0x00,0x00,0xFF,0x80,0x00,0x7F,0xE0,0x00,0x00,0x00,0x7F,0x00,0x00,0xFF,0xC0,0x00,
    0x00,0x00,0x1E,0x00,0x01,0xFF,0x00,0x00,0x00,0x00,0x0C,0x00,0x01,0xFE,0x00,0x00,
    0x00,0x00,0x00,0x00,0x03,0xFC,0x00,0x00,0x00,0x00,0x00,0x00,0x07,0xF8,0x00,0x00,
    0x00,0x00,0x00,0x00,0x07,0xF8,0x00,0x00,0x00,0x00,0x00,0x00,0x0F,0xF0,0x00,0x00,
    0x00,0x00,0x00,0x00,0x0F,0xE0,0x00,0x00,0x00,0x00,0x00,0x00,0x1F,0xE0,0x00,0x00,
    0x00,0x00,0x00,0x00,0x1F,0xC0,0x00,0x00,0x00,0x00,0x00,0x00,0x3F,0xC0,0x00,0x00,
    0x00,0x00,0x00,0x00,0x3F,0x80,0x00,0x00,0x00,0x00,0x00,0x00,0x3F,0x80,0x00,0x00,
    0x00,0x00,0x00,0x00,0x3F,0x00,0x00,0x00,0x00,0x00,0x00,0x00,0x7F,0x00,0x00,0x00,
    0x00,0x00,0x00,0x00,0x7F,0x00,0x00,0x00,0x00,0x00,0x00,0x00,0x7F,0x00,0x00,0x00,
    0x00,0x00,0x00,0x00,0x7F,0x00,0x00,0x00,0x00,0x00,0x00,0x00,0x7E,0x00,0x00,0x00,
    0x00,0x00,0x00,0x00,0x7E,0x00,0x00,0x00,0x00,0x00,0x00,0x00,0x7E,0x00,0x00,0x00,
    0x00,0x00,0x00,0x00,0x7E,0x00,0x00,0x00,0x00,0x00,0x1F,0x80,0x7E,0x00,0x00,0x00,
    0x00,0x00,0x1F,0x80,0x7E,0x00,0x00,0x00,0x00,0x00,0x1F,0x80,0x7E,0x00,0x00,0x00,
    0x00,0x00,0x1F,0x80,0x7F,0x00,0x00,0x00,0x00,0x00,0x1F,0x80,0x7F,0x00,0x00,0x00,
    0x00,0x00,0x1F,0x80,0x7F,0x00,0x00,0x00,0x00,0x00,0x1F,0x80,0x7F,0x00,0x00,0x00,
    0x00,0x00,0x1F,0x80,0x3F,0x00,0x00,0x00,0x00,0x00,0x1F,0x80,0x3F,0x80,0x00,0x00,
    0x00,0x00,0x1F,0x80,0x3F,0x80,0x00,0x00,0x00,0x00,0x1F,0x80,0x3F,0xC0,0x00,0x00,
    0x00,0x00,0x1F,0x80,0x1F,0xC0,0x00,0x00,0x00,0x00,0x1F,0x80,0x1F,0xE0,0x00,0x00,
    0x00,0x00,0x1F,0x80,0x0F,0xE0,0x00,0x00,0x00,0x00,0x1F,0x80,0x0F,0xF0,0x00,0x00,
    0x00,0x00,0x1F,0x80,0x07,0xF8,0x00,0x00,0x00,0x00,0x1F,0x80,0x07,0xF8,0x00,0x00,
    0x00,0x00,0x1F,0x80,0x03,0xFC,0x00,0x00,0x00,0x00,0x1F,0x80,0x01,0xFE,0x00,0x00,
    0x00,0x00,0x1F,0x80,0x01,0xFF,0x00,0x00,0x00,0x00,0x1F,0x80,0x00,0xFF,0xC0,0x00,
    0x00,0x00,0x1F,0x80,0x00,0x7F,0xE0,0x00,0x00,0x00,0x7F,0x80,0x00,0x3F,0xF8,0x00,
    0x00,0x00,0xFF,0x80,0x00,0x1F,0xFE,0x00,0x00,0x03,0xFF,0x80,0x00,0x0F,0xFF,0xC0,
    0x00,0x1F,0xFF,0x00,0x00,0x03,0xFF,0xFF,0x07,0xFF,0xFE,0x00,0x00,0x01,0xFF,0xFF,
    0xFF,0xFF,0xF8,0x00,0x00,0x00,0x7F,0xFF,0xFF,0xFF,0xE0,0x00,0x00,0x00,0x1F,0xFF,
    0xFF,0xFF,0x80,0x00,0x00,0x00,0x03,0xFF,0xFF,0xFE,0x00,0x00,0x00,0x00,0x00,0x7F,
    0xFF,0xE0,0x00,0x00,0x00,0x00,0x00,0x00,0xF0,0x00,0x00,0x00,0xFE,0x00,0x00,0x00,
    0x00,0x03,0xF8,0xFE,0x00,0x00,0x00,0x00,0x03,0xF8,0xFE,0x00,0x00,0x00,0x00,0x03,
    0xF8,0xFE,0x00,0x00,0x00,0x00,0x03,0xF8,0xFE,0x00,0x00,0x00,0x00,0x03,0xF8,0xFE,
    0x00,0x00,0x00,0x00,0x03,0xF8,0xFE,0x00,0x00,0x00,0x00,0x03,0xF8,0xFE,0x00,0x00,
    0x00,0x00,0x03,0xF8,0xFE,0x00,0x00,0x00,0x00,0x03,0xF8,0xFE,0x00,0x00,0x00,0x00,
    0x03,0xF8,0xFE,0x00,0x00,0x00,0x00,0x03,0xF8,0xFE,0x00,0x00,0x00,0x00,0x03,0xF8,
    0xFE,0x00,0x00,0x00,0x00,0x03,0xF8,0xFE,0x00,0x00,0x00,0x00,0x03,0xF8,0xFE,0x00,
    0x00,0x00,0x00,0x03,0xF8,0xFE,0x00,0x00,0x00,0x00,0x03,0xF8,0xFE,0x00,0x00,0x00,
    0x00,0x03,0xF8,0xFE,0x00,0x00,0x00,0x00,0x03,0xF8,0xFE,0x00,0x00,0x00,0x00,0x03,
    0xF8,0xFE,0x00,0x00,0x00,0x00,0x03,0xF8,0xFE,0x00,0x00,0x00,0x00,0x03,0xF8,0xFE,
    0x00,0x00,0x00,0x00,0x03,0xF8,0xFE,0x00,0x00,0x00,0x00,0x03,0xF8,0xFE,0x00,0x00,
    0x00,0x00,0x03,0xF8,0xFE,0x00,0x00,0x00,0x00,0x03,0xF8,0xFE,0x00,0x00,0x00,0x00,
    0x03,0xF8,0xFE,0x00,0x00,0x00,0x00,0x03,0xF8,0xFE,0x00,0x00,0x00,0x00,0x03,0xF8,
    0xFF,0xFF,0xFF,0xFF,0xFF,0xFF,0xF8,0xFF,0xFF,0xFF,0xFF,0xFF,0xFF,0xF8,0xFF,0xFF,
    0xFF,0xFF,0xFF,0xFF,0xF8,0xFF,0xFF,0xFF,0xFF,0xFF,0xFF,0xF8,0xFF,0xFF,0xFF,0xFF,
    0xFF,0xFF,0xF8,0xFF,0xFF,0xFF,0xFF,0xFF,0xFF,0xF8,0xFE,0x00,0x00,0x00,0x00,0x03,
    0xF8,0xFE,0x00,0x00,0x00,0x00,0x03,0xF8,0xFE,0x00,0x00,0x00,0x00,0x03,0xF8,0xFE,
    0x00,0x00,0x00,0x00,0x03,0xF8,0xFE,0x00,0x00,0x00,0x00,0x03,0xF8,0xFE,0x00,0x00,
    0x00,0x00,0x03,0xF8,0xFE,0x00,0x00,0x00,0x00,0x03,0xF8,0xFE,0x00,0x00,0x00,0x00,
    0x03,0xF8,0xFE,0x00,0x00,0x00,0x00,0x03,0xF8,0xFE,0x00,0x00,0x00,0x00,0x03,0xF8,
    0xFE,0x00,0x00,0x00,0x00,0x03,0xF8,0xFE,0x00,0x00,0x00,0x00,0x03,0xF8,0xFE,0x00,
    0x00,0x00,0x00,0x03,0xF8,0xFE,0x00,0x00,0x00,0x00,0x03,0xF8,0xFE,0x00,0x00,0x00,
    0x00,0x03,0xF8,0xFE,0x00,0x00,0x00,0x00,0x03,0xF8,0xFE,0x00,0x00,0x00,0x00,0x03,
    0xF8,0xFE,0x00,0x00,0x00,0x00,0x03,0xF8,0xFE,0x00,0x00,0x00,0x00,0x03,0xF8,0xFE,
    0x00,0x00,0x00,0x00,0x03,0xF8,0xFE,0x00,0x00,0x00,0x00,0x03,0xF8,0xFE,0x00,0x00,
    0x00,0x00,0x03,0xF8,0xFE,0x00,0x00,0x00,0x00,0x03,0xF8,0xFE,0x00,0x00,0x00,0x00,
    0x03,0xF8,0xFE,0x00,0x00,0x00,0x00,0x03,0xF8,0xFE,0x00,0x00,0x00,0x00,0x03,0xF8,
    0xFE,0x00,0x00,0x00,0x00,0x03,0xF8,0xFE,0x00,0x00,0x00,0x00,0x03,0xF8,0xFE,0x00,
    0x00,0x00,0x00,0x03,0xF8,0x00,0x00,0x00,0xFE,0xFE,0xFE,0xFE,0xFE,0xFE,0xFE,0xFE,
    0xFE,0xFE,0xFE,0xFE,0xFE,0xFE,0xFE,0xFE,0xFE,0xFE,0xFE,0xFE,0xFE,0xFE,0xFE,0xFE,
    0xFE,0xFE,0xFE,0xFE,0xFE,0xFE,0xFE,0xFE,0xFE,0xFE,0xFE,0xFE,0xFE,0xFE,0xFE,0xFE,
    0xFE,0xFE,0xFE,0xFE,0xFE,0xFE,0xFE,0xFE,0xFE,0xFE,0xFE,0xFE,0xFE,0xFE,0xFE,0xFE,
    0xFE,0xFE,0xFE,0xFE,0xFE,0xFE,0xFE,0x00,0x01,0xFF,0xFF,0xFF,0xF0,0x01,0xFF,0xFF,
    0xFF,0xF0,0x01,0xFF,0xFF,0xFF,0xF0,0x01,0xFF,0xFF,0xFF,0xF0,0x01,0xFF,0xFF,0xFF,
    0xF0,0x01,0xFF,0xFF,0xFF,0xF0,0x00,0x00,0x00,0x03,0xF0,0x00,0x00,0x00,0x03,0xF0,
    0x00,0x00,0x00,0x03,0xF0,0x00,0x00,0x00,0x03,0xF0,0x00,0x00,0x00,0x03,0xF0,0x00,
    0x00,0x00,0x03,0xF0,0x00,0x00,0x00,0x03,0xF0,0x00,0x00,0x00,0x03,0xF0,0x00,0x00,
    0x00,0x03,0xF0,0x00,0x00,0x00,0x03,0xF0,0x00,0x00,0x00,0x03,0xF0,0x00,0x00,0x00,
    0x03,0xF0,0x00,0x00,0x00,0x03,0xF0,0x00,0x00,0x00,0x03,0xF0,0x00,0x00,0x00,0x03,
    0xF0,0x00,0x00,0x00,0x03,0xF0,0x00,0x00,0x00,0x03,0xF0,0x00,0x00,0x00,0x03,0xF0,
    0x00,0x00,0x00,0x03,0xF0,0x00,0x00,0x00,0x03,0xF0,0x00,0x00,0x00,0x03,0xF0,0x00,
    0x00,0x00,0x03,0xF0,0x00,0x00,0x00,0x03,0xF0,0x00,0x00,0x00,0x03,0xF0,0x00,0x00,
    0x00,0x03,0xF0,0x00,0x00,0x00,0x03,0xF0,0x00,0x00,0x00,0x03,0xF0,0x00,0x00,0x00,
    0x03,0xF0,0x00,0x00,0x00,0x03,0xF0,0x00,0x00,0x00,0x03,0xF0,0x00,0x00,0x00,0x03,
    0xF0,0x00,0x00,0x00,0x03,0xF0,0x00,0x00,0x00,0x03,0xF0,0x00,0x00,0x00,0x03,0xF0,
    0x00,0x00,0x00,0x03,0xF0,0x00,0x00,0x00,0x03,0xF0,0x00,0x00,0x00,0x03,0xF0,0x00,
    0x00,0x00,0x03,0xF0,0x00,0x00,0x00,0x03,0xF0,0x00,0x00,0x00,0x03,0xF0,0x00,0x00,
    0x00,0x03,0xF0,0x00,0x00,0x00,0x03,0xF0,0x00,0x00,0x00,0x07,0xF0,0x00,0x00,0x00,
    0x07,0xF0,0x08,0x00,0x00,0x07,0xF0,0x1C,0x00,0x00,0x07,0xE0,0x3C,0x00,0x00,0x0F,
    0xE0,0x3E,0x00,0x00,0x1F,0xE0,0x7F,0x80,0x00,0x1F,0xC0,0x7F,0xC0,0x00,0x3F,0xC0,
    0x3F,0xF0,0x00,0xFF,0x80,0x1F,0xFE,0x07,0xFF,0x80,0x0F,0xFF,0xFF,0xFF,0x00,0x07,
    0xFF,0xFF,0xFE,0x00,0x01,0xFF,0xFF,0xFC,0x00,0x00,0x7F,0xFF,0xF0,0x00,0x00,0x1F,
    0xFF,0x80,0x00,0x00,0x00,0x70,0x00,0x00,0xFE,0x00,0x00,0x00,0x00,0x1F,0xE0,0xFE,
    0x00,0x00,0x00,0x00,0x3F,0xC0,0xFE,0x00,0x00,0x00,0x00,0x7F,0x80,0xFE,0x00,0x00,
    0x00,0x00,0xFF,0x00,0xFE,0x00,0x00,0x00,0x00,0xFE,0x00,0xFE,0x00,0x00,0x00,0x01,
    0xFC,0x00,0xFE,0x00,0x00,0x00,0x03,0xF8,0x00,0xFE,0x00,0x00,0x00,0x07,0xF0,0x00,
    0xFE,0x00,0x00,0x00,0x0F,0xE0,0x00,0xFE,0x00,0x00,0x00,0x1F,0xE0,0x00,0xFE,0x00,
    0x00,0x00,0x3F,0xC0,0x00,0xFE,0x00,0x00,0x00,0x7F,0x80,0x00,0xFE,0x00,0x00,0x00,
    0xFF,0x00,0x00,0xFE,0x00,0x00,0x01,0xFE,0x00,0x00,0xFE,0x00,0x00,0x03,0xFC,0x00,
    0x00,0xFE,0x00,0x00,0x07,0xF8,0x00,0x00,0xFE,0x00,0x00,0x0F,0xF0,0x00,0x00,0xFE,
    0x00,0x00,0x1F,0xE0,0x00,0x00,0xFE,0x00,0x00,0x3F,0xC0,0x00,0x00,0xFE,0x00,0x00,
    0x7F,0x80,0x00,0x00,0xFE,0x00,0x00,0xFF,0x00,0x00,0x00,0xFE,0x00,0x01,0xFE,0x00,
    0x00,0x00,0xFE,0x00,0x03,0xFC,0x00,0x00,0x00,0xFE,0x00,0x07,0xF8,0x00,0x00,0x00,
    0xFE,0x00,0x0F,0xF0,0x00,0x00,0x00,0xFE,0x00,0x1F,0xE0,0x00,0x00,0x00,0xFE,0x00,
    0x3F,0xC0,0x00,0x00,0x00,0xFE,0x00,0x7F,0x80,0x00,0x00,0x00,0xFE,0x00,0xFF,0x80,
    0x00,0x00,0x00,0xFE,0x01,0xFF,0x80,0x00,0x00,0x00,0xFE,0x03,0xFF,0xC0,0x00,0x00,
    0x00,0xFE,0x07,0xFF,0xE0,0x00,0x00,0x00,0xFE,0x0F,0xFF,0xF0,0x00,0x00,0x00,0xFE,
    0x1F,0xFF,0xF8,0x00,0x00,0x00,0xFE,0x3F,0xE7,0xF8,0x00,0x00,0x00,0xFE,0x7F,0xC3,
    0xFC,0x00,0x00,0x00,0xFE,0xFF,0x81,0xFE,0x00,0x00,0x00,0xFF,0xFF,0x01,0xFF,0x00,
    0x00,0x00,0xFF,0xFE,0x00,0xFF,0x80,0x00,0x00,0xFF,0xFC,0x00,0x7F,0xC0,0x00,0x00,
    0xFF,0xF8,0x00,0x3F,0xC0,0x00,0x00,0xFF,0xF0,0x00,0x1F,0xE0,0x00,0x00,0xFF,0xE0,
    0x00,0x0F,0xF0,0x00,0x00,0xFF,0xC0,0x00,0x07,0xF8,0x00,0x00,0xFF,0x80,0x00,0x07,
    0xFC,0x00,0x00,0xFF,0x00,0x00,0x03,0xFE,0x00,0x00,0xFE,0x00,0x00,0x01,0xFE,0x00,
    0x00,0xFE,0x00,0x00,0x00,0xFF,0x00,0x00,0xFE,0x00,0x00,0x00,0x7F,0x80,0x00,0xFE,
    0x00,0x00,0x00,0x3F,0xC0,0x00,0xFE,0x00,0x00,0x00,0x1F,0xE0,0x00,0xFE,0x00,0x00,
    0x00,0x0F,0xF0,0x00,0xFE,0x00,0x00,0x00,0x0F,0xF8,0x00,0xFE,0x00,0x00,0x00,0x07,
    0xF8,0x00,0xFE,0x00,0x00,0x00,0x03,0xFC,0x00,0xFE,0x00,0x00,0x00,0x01,0xFE,0x00,
    0xFE,0x00,0x00,0x00,0x00,0xFF,0x00,0xFE,0x00,0x00,0x00,0x00,0x7F,0x80,0xFE,0x00,
    0x00,0x00,0x00,0x3F,0xC0,0xFE,0x00,0x00,0x00,0x00,0x3F,0xC0,0xFE,0x00,0x00,0x00,
    0x00,0x1F,0xE0,0xFE,0x00,0x00,0x00,0x00,0x0F,0xF0,0xFE,0x00,0x00,0x00,0x00,0x07,
    0xF8,0x00,0x00,0x00,0xFE,0x00,0x00,0x00,0x00,0x00,0xFE,0x00,0x00,0x00,0x00,0x00,
    0xFE,0x00,0x00,0x00,0x00,0x00,0xFE,0x00,0x00,0x00,0x00,0x00,0xFE,0x00,0x00,0x00,
    0x00,0x00,0xFE,0x00,0x00,0x00,0x00,0x00,0xFE,0x00,0x00,0x00,0x00,0x00,0xFE,0x00,
    0x00,0x00,0x00,0x00,0xFE,0x00,0x00,0x00,0x00,0x00,0xFE,0x00,0x00,0x00,0x00,0x00,
    0xFE,0x00,0x00,0x00,0x00,0x00,0xFE,0x00,0x00,0x00,0x00,0x00,0xFE,0x00,0x00,0x00,
    0x00,0x00,0xFE,0x00,0x00,0x00,0x00,0x00,0xFE,0x00,0x00,0x00,0x00,0x00,0xFE,0x00,
    0x00,0x00,0x00,0x00,0xFE,0x00,0x00,0x00,0x00,0x00,0xFE,0x00,0x00,0x00,0x00,0x00,
    0xFE,0x00,0x00,0x00,0x00,0x00,0xFE,0x00,0x00,0x00,0x00,0x00,0xFE,0x00,0x00,0x00,
    0x00,0x00,0xFE,0x00,0x00,0x00,0x00,0x00,0xFE,0x00,0x00,0x00,0x00,0x00,0xFE,0x00,
    0x00,0x00,0x00,0x00,0xFE,0x00,0x00,0x00,0x00,0x00,0xFE,0x00,0x00,0x00,0x00,0x00,
    0xFE,0x00,0x00,0x00,0x00,0x00,0xFE,0x00,0x00,0x00,0x00,0x00,0xFE,0x00,0x00,0x00,
    0x00,0x00,0xFE,0x00,0x00,0x00,0x00,0x00,0xFE,0x00,0x00,0x00,0x00,0x00,0xFE,0x00,
    0x00,0x00,0x00,0x00,0xFE,0x00,0x00,0x00,0x00,0x00,0xFE,0x00,0x00,0x00,0x00,0x00,
    0xFE,0x00,0x00,0x00,0x00,0x00,0xFE,0x00,0x00,0x00,0x00,0x00,0xFE,0x00,0x00,0x00,
    0x00,0x00,0xFE,0x00,0x00,0x00,0x00,0x00,0xFE,0x00,0x00,0x00,0x00,0x00,0xFE,0x00,
    0x00,0x00,0x00,0x00,0xFE,0x00,0x00,0x00,0x00,0x00,0xFE,0x00,0x00,0x00,0x00,0x00,
    0xFE,0x00,0x00,0x00,0x00,0x00,0xFE,0x00,0x00,0x00,0x00,0x00,0xFE,0x00,0x00,0x00,
    0x00,0x00,0xFE,0x00,0x00,0x00,0x00,0x00,0xFE,0x00,0x00,0x00,0x00,0x00,0xFE,0x00,
    0x00,0x00,0x00,0x00,0xFE,0x00,0x00,0x00,0x00,0x00,0xFE,0x00,0x00,0x00,0x00,0x00,
    0xFE,0x00,0x00,0x00,0x00,0x00,0xFE,0x00,0x00,0x00,0x00,0x00,0xFE,0x00,0x00,0x00,
    0x00,0x00,0xFE,0x00,0x00,0x00,0x00,0x00,0xFE,0x00,0x00,0x00,0x00,0x00,0xFE,0x00,
    0x00,0x00,0x00,0x00,0xFE,0x00,0x00,0x00,0x00,0x00,0xFF,0xFF,0xFF,0xFF,0xFF,0xC0,
    0xFF,0xFF,0xFF,0xFF,0xFF,0xC0,0xFF,0xFF,0xFF,0xFF,0xFF,0xC0,0xFF,0xFF,0xFF,0xFF,
    0xFF,0xC0,0xFF,0xFF,0xFF,0xFF,0xFF,0xC0,0xFF,0xFF,0xFF,0xFF,0xFF,0xC0,0x00,0x00,
    0xFC,0x00,0x00,0x00,0x00,0x00,0x00,0x0F,0xC0,0xFE,0x00,0x00,0x00,0x00,0x00,0x00,
    0x1F,0xC0,0xFE,0x00,0x00,0x00,0x00,0x00,0x00,0x1F,0xC0,0xFF,0x00,0x00,0x00,0x00,
    0x00,0x00,0x3F,0xC0,0xFF,0x00,0x00,0x00,0x00,0x00,0x00,0x3F,0xC0,0xFF,0x80,0x00,
    0x00,0x00,0x00,0x00,0x7F,0xC0,0xFF,0xC0,0x00,0x00,0x00,0x00,0x00,0xFF,0xC0,0xFF,
    0xC0,0x00,0x00,0x00,0x00,0x00,0xFF,0xC0,0xFF,0xE0,0x00,0x00,0x00,0x00,0x01,0xFF,
    0xC0,0xFF,0xE0,0x00,0x00,0x00,0x00,0x01,0xFF,0xC0,0xFF,0xF0,0x00,0x00,0x00,0x00,
    0x03,0xFF,0xC0,0xFF,0xF0,0x00,0x00,0x00,0x00,0x03,0xFF,0xC0,0xFF,0xF8,0x00,0x00,
    0x00,0x00,0x07,0xFF,0xC0,0xFF,0xFC,0x00,0x00,0x00,0x00,0x0F,0xFF,0xC0,0xFE,0xFC,
    0x00,0x00,0x00,0x00,0x0F,0xDF,0xC0,0xFE,0xFE,0x00,0x00,0x00,0x00,0x1F,0xDF,0xC0,
    0xFE,0x7E,0x00,0x00,0x00,0x00,0x1F,0x9F,0xC0,0xFE,0x7F,0x00,0x00,0x00,0x00,0x3F,
    0x1F,0xC0,0xFE,0x3F,0x80,0x00,0x00,0x00,0x7F,0x1F,0xC0,0xFE,0x1F,0x80,0x00,0x00,
    0x00,0x7E,0x1F,0xC0,0xFE,0x1F,0xC0,0x00,0x00,0x00,0xFE,0x1F,0xC0,0xFE,0x0F,0xC0,
    0x00,0x00,0x00,0xFC,0x1F,0xC0,0xFE,0x0F,0xE0,0x00,0x00,0x01,0xFC,0x1F,0xC0,0xFE,
    0x07,0xF0,0x00,0x00,0x01,0xF8,0x1F,0xC0,0xFE,0x07,0xF0,0x00,0x00,0x03,0xF0,0x1F,
    0xC0,0xFE,0x03,0xF8,0x00,0x00,0x07,0xF0,0x1F,0xC0,0xFE,0x01,0xF8,0x00,0x00,0x07,
    0xE0,0x1F,0xC0,0xFE,0x01,0xFC,0x00,0x00,0x0F,0xE0,0x1F,0xC0,0xFE,0x00,0xFC,0x00,
    0x00,0x0F,0xC0,0x1F,0xC0,0xFE,0x00,0xFE,0x00,0x00,0x1F,0x80,0x1F,0xC0,0xFE,0x00,
    0x7F,0x00,0x00,0x3F,0x80,0x1F,0xC0,0xFE,0x00,0x3F,0x00,0x00,0x3F,0x00,0x1F,0xC0,
    0xFE,0x00,0x3F,0x80,0x00,0x7F,0x00,0x1F,0xC0,0xFE,0x00,0x1F,0x80,0x00,0x7E,0x00,
    0x1F,0xC0,0xFE,0x00,0x1F,0xC0,0x00,0xFE,0x00,0x1F,0xC0,0xFE,0x00,0x0F,0xE0,0x00,
    0xFC,0x00,0x1F,0xC0,0xFE,0x00,0x07,0xE0,0x01,0xF8,0x00,0x1F,0xC0,0xFE,0x00,0x07,
    0xF0,0x03,0xF8,0x00,0x1F,0xC0,0xFE,0x00,0x03,0xF0,0x03,0xF0,0x00,0x1F,0xC0,0xFE,
    0x00,0x03,0xF8,0x07,0xF0,0x00,0x1F,0xC0,0xFE,0x00,0x01,0xF8,0x07,0xE0,0x00,0x1F,
    0xC0,0xFE,0x00,0x01,0xFC,0x0F,0xC0,0x00,0x1F,0xC0,0xFE,0x00,0x00,0xFE,0x0F,0xC0,
    0x00,0x1F,0xC0,0xFE,0x00,0x00,0x7E,0x1F,0x80,0x00,0x1F,0xC0,0xFE,0x00,0x00,0x7F,
    0x3F,0x80,0x00,0x1F,0xC0,0xFE,0x00,0x00,0x3F,0x3F,0x00,0x00,0x1F,0xC0,0xFE,0x00,
    0x00,0x3F,0xFF,0x00,0x00,0x1F,0xC0,0xFE,0x00,0x00,0x1F,0xFE,0x00,0x00,0x1F,0xC0,
    0xFE,0x00,0x00,0x0F,0xFC,0x00,0x00,0x1F,0xC0,0xFE,0x00,0x00,0x0F,0xFC,0x00,0x00,
    0x1F,0xC0,0xFE,0x00,0x00,0x07,0xF8,0x00,0x00,0x1F,0xC0,0xFE,0x00,0x00,0x07,0xF8,
    0x00,0x00,0x1F,0xC0,0xFE,0x00,0x00,0x03,0xF0,0x00,0x00,0x1F,0xC0,0xFE,0x00,0x00,
    0x01,0xE0,0x00,0x00,0x1F,0xC0,0xFE,0x00,0x00,0x01,0xE0,0x00,0x00,0x1F,0xC0,0xFE,
    0x00,0x00,0x00,0x00,0x00,0x00,0x1F,0xC0,0xFE,0x00,0x00,0x00,0x00,0x00,0x00,0x1F,
    0xC0,0xFE,0x00,0x00,0x00,0x00,0x00,0x00,0x1F,0xC0,0xFE,0x00,0x00,0x00,0x00,0x00,
    0x00,0x1F,0xC0,0xFE,0x00,0x00,0x00,0x00,0x00,0x00,0x1F,0xC0,0xFE,0x00,0x00,0x00,
    0x00,0x00,0x00,0x1F,0xC0,0xFE,0x00,0x00,0x00,0x00,0x00,0x00,0x1F,0xC0,0xFE,0x00,
    0x00,0x00,0x00,0x00,0x00,0x1F,0xC0,0x00,0xFC,0x00,0x00,0x00,0x00,0x03,0xF8,0xFE,
    0x00,0x00,0x00,0x00,0x03,0xF8,0xFF,0x00,0x00,0x00,0x00,0x03,0xF8,0xFF,0x80,0x00,
    0x00,0x00,0x03,0xF8,0xFF,0x80,0x00,0x00,0x00,0x03,0xF8,0xFF,0xC0,0x00,0x00,0x00,
    0x03,0xF8,0xFF,0xE0,0x00,0x00,0x00,0x03,0xF8,0xFF,0xF0,0x00,0x00,0x00,0x03,0xF8,
    0xFF,0xF8,0x00,0x00,0x00,0x03,0xF8,0xFF,0xF8,0x00,0x00,0x00,0x03,0xF8,0xFF,0xFC,
    0x00,0x00,0x00,0x03,0xF8,0xFF,0xFE,0x00,0x00,0x00,0x03,0xF8,0xFF,0xFF,0x00,0x00,
    0x00,0x03,0xF8,0xFE,0xFF,0x00,0x00,0x00,0x03,0xF8,0xFE,0x7F,0x80,0x00,0x00,0x03,
    0xF8,0xFE,0x3F,0xC0,0x00,0x00,0x03,0xF8,0xFE,0x1F,0xE0,0x00,0x00,0x03,0xF8,0xFE,
    0x1F,0xF0,0x00,0x00,0x03,0xF8,0xFE,0x0F,0xF0,0x00,0x00,0x03,0xF8,0xFE,0x07,0xF8,
    0x00,0x00,0x03,0xF8,0xFE,0x03,0xFC,0x00,0x00,0x03,0xF8,0xFE,0x01,0xFE,0x00,0x00,
    0x03,0xF8,0xFE,0x01,0xFF,0x00,0x00,0x03,0xF8,0xFE,0x00,0xFF,0x00,0x00,0x03,0xF8,
    0xFE,0x00,0x7F,0x80,0x00,0x03,0xF8,0xFE,0x00,0x3F,0xC0,0x00,0x03,0xF8,0xFE,0x00,
    0x3F,0xE0,0x00,0x03,0xF8,0xFE,0x00,0x1F,0xF0,0x00,0x03,0xF8,0xFE,0x00,0x0F,0xF0,
    0x00,0x03,0xF8,0xFE,0x00,0x07,0xF8,0x00,0x03,0xF8,0xFE,0x00,0x03,0xFC,0x00,0x03,
    0xF8,0xFE,0x00,0x03,0xFE,0x00,0x03,0xF8,0xFE,0x00,0x01,0xFF,0x00,0x03,0xF8,0xFE,
    0x00,0x00,0xFF,0x00,0x03,0xF8,0xFE,0x00,0x00,0x7F,0x80,0x03,0xF8,0xFE,0x00,0x00,
    0x3F,0xC0,0x03,0xF8,0xFE,0x00,0x00,0x3F,0xE0,0x03,0xF8,0xFE,0x00,0x00,0x1F,0xF0,
    0x03,0xF8,0xFE,0x00,0x00,0x0F,0xF0,0x03,0xF8,0xFE,0x00,0x00,0x07,0xF8,0x03,0xF8,
    0xFE,0x00,0x00,0x03,0xFC,0x03,0xF8,0xFE,0x00,0x00,0x03,0xFE,0x03,0xF8,0xFE,0x00,
    0x00,0x01,0xFF,0x03,0xF8,0xFE,0x00,0x00,0x00,0xFF,0x03,0xF8,0xFE,0x00,0x00,0x00,
    0x7F,0x83,0xF8,0xFE,0x00,0x00,0x00,0x3F,0xC3,0xF8,0xFE,0x00,0x00,0x00,0x3F,0xE3,
    0xF8,0xFE,0x00,0x00,0x00,0x1F,0xE3,0xF8,0xFE,0x00,0x00,0x00,0x0F,0xF3,0xF8,0xFE,
    0x00,0x00,0x00,0x07,0xFB,0xF8,0xFE,0x00,0x00,0x00,0x03,0xFF,0xF8,0xFE,0x00,0x00,
    0x00,0x03,0xFF,0xF8,0xFE,0x00,0x00,0x00,0x01,0xFF,0xF8,0xFE,0x00,0x00,0x00,0x00,
    0xFF,0xF8,0xFE,0x00,0x00,0x00,0x00,0x7F,0xF8,0xFE,0x00,0x00,0x00,0x00,0x7F,0xF8,
    0xFE,0x00,0x00,0x00,0x00,0x3F,0xF8,0xFE,0x00,0x00,0x00,0x00,0x1F,0xF8,0xFE,0x00,
    0x00,0x00,0x00,0x0F,0xF8,0xFE,0x00,0x00,0x00,0x00,0x07,0xF8,0xFE,0x00,0x00,0x00,
    0x00,0x07,0xF8,0xFE,0x00,0x00,0x00,0x00,0x03,0xF8,0xFE,0x00,0x00,0x00,0x00,0x01,
    0xF8,0x00,0x00,0x00,0x00,0x00,0x00,0x00,0xF0,0x00,0x00,0x00,0x00,0x00,0x00,0x00,
    0x7F,0xFF,0xE0,0x00,0x00,0x00,0x00,0x00,0x07,0xFF,0xFF,0xFC,0x00,0x00,0x00,0x00,
    0x00,0x1F,0xFF,0xFF,0xFF,0x00,0x00,0x00,0x00,0x00,0x7F,0xFF,0xFF,0xFF,0xC0,0x00,
    0x00,0x00,0x01,0xFF,0xFF,0xFF,0xFF,0xF0,0x00,0x00,0x00,0x03,0xFF,0xFE,0x0F,0xFF,
    0xFC,0x00,0x00,0x00,0x0F,0xFF,0xC0,0x00,0x3F,0xFE,0x00,0x00,0x00,0x1F,0xFE,0x00,
    0x00,0x07,0xFF,0x00,0x00,0x00,0x3F,0xF8,0x00,0x00,0x01,0xFF,0x80,0x00,0x00,0x7F,
    0xE0,0x00,0x00,0x00,0xFF,0xC0,0x00,0x00,0xFF,0xC0,0x00,0x00,0x00,0x3F,0xE0,0x00,
    0x01,0xFF,0x00,0x00,0x00,0x00,0x1F,0xF0,0x00,0x01,0xFE,0x00,0x00,0x00,0x00,0x0F,
    0xF8,0x00,0x03,0xFC,0x00,0x00,0x00,0x00,0x07,0xFC,0x00,0x07,0xF8,0x00,0x00,0x00,
    0x00,0x03,0xFC,0x00,0x07,0xF8,0x00,0x00,0x00,0x00,0x01,0xFE,0x00,0x0F,0xF0,0x00,
    0x00,0x00,0x00,0x00,0xFE,0x00,0x0F,0xE0,0x00,0x00,0x00,0x00,0x00,0xFF,0x00,0x1F,
    0xE0,0x00,0x00,0x00,0x00,0x00,0x7F,0x00,0x1F,0xC0,0x00,0x00,0x00,0x00,0x00,0x7F,
    0x80,0x3F,0xC0,0x00,0x00,0x00,0x00,0x00,0x3F,0x80,0x3F,0x80,0x00,0x00,0x00,0x00,
    0x00,0x3F,0x80,0x3F,0x80,0x00,0x00,0x00,0x00,0x00,0x1F,0xC0,0x3F,0x00,0x00,0x00,
    0x00,0x00,0x00,0x1F,0xC0,0x7F,0x00,0x00,0x00,0x00,0x00,0x00,0x1F,0xC0,0x7F,0x00,
    0x00,0x00,0x00,0x00,0x00,0x0F,0xC0,0x7F,0x00,0x00,0x00,0x00,0x00,0x00,0x0F,0xC0,
    0x7F,0x00,0x00,0x00,0x00,0x00,0x00,0x0F,0xE0,0x7E,0x00,0x00,0x00,0x00,0x00,0x00,
    0x0F,0xE0,0x7E,0x00,0x00,0x00,0x00,0x00,0x00,0x0F,0xE0,0x7E,0x00,0x00,0x00,0x00,
    0x00,0x00,0x0F,0xE0,0x7E,0x00,0x00,0x00,0x00,0x00,0x00,0x0F,0xE0,0x7E,0x00,0x00,
    0x00,0x00,0x00,0x00,0x0F,0xE0,0x7E,0x00,0x00,0x00,0x00,0x00,0x00,0x0F,0xE0,0x7E,
    0x00,0x00,0x00,0x00,0x00,0x00,0x0F,0xE0,0x7F,0x00,0x00,0x00,0x00,0x00,0x00,0x0F,
    0xE0,0x7F,0x00,0x00,0x00,0x00,0x00,0x00,0x0F,0xC0,0x7F,0x00,0x00,0x00,0x00,0x00,
    0x00,0x0F,0xC0,0x7F,0x00,0x00,0x00,0x00,0x00,0x00,0x1F,0xC0,0x3F,0x00,0x00,0x00,
    0x00,0x00,0x00,0x1F,0xC0,0x3F,0x80,0x00,0x00,0x00,0x00,0x00,0x1F,0xC0,0x3F,0x80,
    0x00,0x00,0x00,0x00,0x00,0x3F,0x80,0x3F,0xC0,0x00,0x00,0x00,0x00,0x00,0x3F,0x80,
    0x1F,0xC0,0x00,0x00,0x00,0x00,0x00,0x7F,0x80,0x1F,0xE0,0x00,0x00,0x00,0x00,0x00,
    0x7F,0x00,0x0F,0xE0,0x00,0x00,0x00,0x00,0x00,0xFF,0x00,0x0F,0xF0,0x00,0x00,0x00,
    0x00,0x00,0xFE,0x00,0x07,0xF8,0x00,0x00,0x00,0x00,0x01,0xFE,0x00,0x07,0xF8,0x00,
    0x00,0x00,0x00,0x03,0xFC,0x00,0x03,0xFC,0x00,0x00,0x00,0x00,0x07,0xFC,0x00,0x01,
    0xFE,0x00,0x00,0x00,0x00,0x0F,0xF8,0x00,0x01,0xFF,0x00,0x00,0x00,0x00,0x1F,0xF0,
    0x00,0x00,0xFF,0xC0,0x00,0x00,0x00,0x3F,0xE0,0x00,0x00,0x7F,0xE0,0x00,0x00,0x00,
    0xFF,0xC0,0x00,0x00,0x3F,0xF8,0x00,0x00,0x01,0xFF,0x80,0x00,0x00,0x1F,0xFE,0x00,
    0x00,0x07,0xFF,0x00,0x00,0x00,0x0F,0xFF,0xC0,0x00,0x3F,0xFE,0x00,0x00,0x00,0x03,
    0xFF,0xFE,0x0F,0xFF,0xFC,0x00,0x00,0x00,0x01,0xFF,0xFF,0xFF,0xFF,0xF0,0x00,0x00,
    0x00,0x00,0x7F,0xFF,0xFF,0xFF,0xC0,0x00,0x00,0x00,0x00,0x1F,0xFF,0xFF,0xFF,0x00,
    0x00,0x00,0x00,0x00,0x03,0xFF,0xFF,0xFC,0x00,0x00,0x00,0x00,0x00,0x00,0x7F,0xFF,
    0xE0,0x00,0x00,0x00,0x00,0x00,0x00,0x00,0xF0,0x00,0x00,0x00,0x00,0x00,0x00,0x00,
    0xFF,0xFF,0xFF,0xFC,0x00,0x00,0x00,0xFF,0xFF,0xFF,0xFF,0xE0,0x00,0x00,0xFF,0xFF,
    0xFF,0xFF,0xF8,0x00,0x00,0xFF,0xFF,0xFF,0xFF,0xFE,0x00,0x00,0xFF,0xFF,0xFF,0xFF,
    0xFF,0x80,0x00,0xFF,0xFF,0xFF,0xFF,0xFF,0xC0,0x00,0xFE,0x00,0x00,0x01,0xFF,0xF0,
    0x00,0xFE,0x00,0x00,0x00,0x3F,0xF8,0x00,0xFE,0x00,0x00,0x00,0x0F,0xF8,0x00,0xFE,
    0x00,0x00,0x00,0x07,0xFC,0x00,0xFE,0x00,0x00,0x00,0x01,0xFE,0x00,0xFE,0x00,0x00,
    0x00,0x00,0xFE,0x00,0xFE,0x00,0x00,0x00,0x00,0xFF,0x00,0xFE,0x00,0x00,0x00,0x00,
    0x7F,0x00,0xFE,0x00,0x00,0x00,0x00,0x3F,0x80,0xFE,0x00,0x00,0x00,0x00,0x3F,0x80,
    0xFE,0x00,0x00,0x00,0x00,0x3F,0x80,0xFE,0x00,0x00,0x00,0x00,0x3F,0x80,0xFE,0x00,
    0x00,0x00,0x00,0x1F,0x80,0xFE,0x00,0x00,0x00,0x00,0x1F,0x80,0xFE,0x00,0x00,0x00,
    0x00,0x1F,0xC0,0xFE,0x00,0x00,0x00,0x00,0x1F,0xC0,0xFE,0x00,0x00,0x00,0x00,0x1F,
    0xC0,0xFE,0x00,0x00,0x00,0x00,0x1F,0xC0,0xFE,0x00,0x00,0x00,0x00,0x1F,0x80,0xFE,
    0x00,0x00,0x00,0x00,0x1F,0x80,0xFE,0x00,0x00,0x00,0x00,0x3F,0x80,0xFE,0x00,0x00,
    0x00,0x00,0x3F,0x80,0xFE,0x00,0x00,0x00,0x00,0x3F,0x80,0xFE,0x00,0x00,0x00,0x00,
    0x7F,0x00,0xFE,0x00,0x00,0x00,0x00,0xFF,0x00,0xFE,0x00,0x00,0x00,0x00,0xFE,0x00,
    0xFE,0x00,0x00,0x00,0x01,0xFE,0x00,0xFE,0x00,0x00,0x00,0x03,0xFC,0x00,0xFE,0x00,
    0x00,0x00,0x0F,0xF8,0x00,0xFE,0x00,0x00,0x00,0x3F,0xF8,0x00,0xFE,0x00,0x00,0x01,
    0xFF,0xF0,0x00,0xFF,0xFF,0xFF,0xFF,0xFF,0xE0,0x00,0xFF,0xFF,0xFF,0xFF,0xFF,0x80,
    0x00,0xFF,0xFF,0xFF,0xFF,0xFF,0x00,0x00,0xFF,0xFF,0xFF,0xFF,0xFC,0x00,0x00,0xFF,
    0xFF,0xFF,0xFF,0xE0,0x00,0x00,0xFF,0xFF,0xFF,0xFE,0x00,0x00,0x00,0xFE,0x00,0x00,
    0x00,0x00,0x00,0x00,0xFE,0x00,0x00,0x00,0x00,0x00,0x00,0xFE,0x00,0x00,0x00,0x00,
    0x00,0x00,0xFE,0x00,0x00,0x00,0x00,0x00,0x00,0xFE,0x00,0x00,0x00,0x00,0x00,0x00,
    0xFE,0x00,0x00,0x00,0x00,0x00,0x00,0xFE,0x00,0x00,0x00,0x00,0x00,0x00,0xFE,0x00,
    0x00,0x00,0x00,0x00,0x00,0xFE,0x00,0x00,0x00,0x00,0x00,0x00,0xFE,0x00,0x00,0x00,
    0x00,0x00,0x00,0xFE,0x00,0x00,0x00,0x00,0x00,0x00,0xFE,0x00,0x00,0x00,0x00,0x00,
    0x00,0xFE,0x00,0x00,0x00,0x00,0x00,0x00,0xFE,0x00,0x00,0x00,0x00,0x00,0x00,0xFE,
    0x00,0x00,0x00,0x00,0x00,0x00,0xFE,0x00,0x00,0x00,0x00,0x00,0x00,0xFE,0x00,0x00,
    0x00,0x00,0x00,0x00,0xFE,0x00,0x00,0x00,0x00,0x00,0x00,0xFE,0x00,0x00,0x00,0x00,
    0x00,0x00,0xFE,0x00,0x00,0x00,0x00,0x00,0x00,0x00,0x00,0x00,0x00,0x00,0x00,0x00,
    0xF0,0x00,0x00,0x00,0x00,0x00,0x00,0x00,0x7F,0xFF,0xE0,0x00,0x00,0x00,0x00,0x00,
    0x07,0xFF,0xFF,0xFC,0x00,0x00,0x00,0x00,0x00,0x1F,0xFF,0xFF,0xFF,0x00,0x00,0x00,
    0x00,0x00,0x7F,0xFF,0xFF,0xFF,0xC0,0x00,0x00,0x00,0x01,0xFF,0xFF,0xFF,0xFF,0xF0,
    0x00,0x00,0x00,0x03,0xFF,0xFE,0x0F,0xFF,0xFC,0x00,0x00,0x00,0x0F,0xFF,0xC0,0x00,
    0x3F,0xFE,0x00,0x00,0x00,0x1F,0xFE,0x00,0x00,0x07,0xFF,0x00,0x00,0x00,0x3F,0xF8,
    0x00,0x00,0x01,0xFF,0x80,0x00,0x00,0x7F,0xE0,0x00,0x00,0x00,0xFF,0xC0,0x00,0x00,
    0xFF,0xC0,0x00,0x00,0x00,0x3F,0xE0,0x00,0x01,0xFF,0x00,0x00,0x00,0x00,0x1F,0xF0,
    0x00,0x01,0xFE,0x00,0x00,0x00,0x00,0x0F,0xF8,0x00,0x03,0xFC,0x00,0x00,0x00,0x00,
    0x07,0xFC,0x00,0x07,0xF8,0x00,0x00,0x00,0x00,0x03,0xFC,0x00,0x07,0xF8,0x00,0x00,
    0x00,0x00,0x01,0xFE,0x00,0x0F,0xF0,0x00,0x00,0x00,0x00,0x00,0xFE,0x00,0x0F,0xE0,
    0x00,0x00,0x00,0x00,0x00,0xFF,0x00,0x1F,0xE0,0x00,0x00,0x00,0x00,0x00,0x7F,0x00,
    0x1F,0xC0,0x00,0x00,0x00,0x00,0x00,0x7F,0x80,0x3F,0xC0,0x00,0x00,0x00,0x00,0x00,
    0x3F,0x80,0x3F,0x80,0x00,0x00,0x00,0x00,0x00,0x3F,0x80,0x3F,0x80,0x00,0x00,0x00,
    0x00,0x00,0x1F,0xC0,0x3F,0x00,0x00,0x00,0x00,0x00,0x00,0x1F,0xC0,0x7F,0x00,0x00,
    0x00,0x00,0x00,0x00,0x1F,0xC0,0x7F,0x00,0x00,0x00,0x00,0x00,0x00,0x0F,0xC0,0x7F,
    0x00,0x00,0x00,0x00,0x00,0x00,0x0F,0xC0,0x7F,0x00,0x00,0x00,0x00,0x00,0x00,0x0F,
    0xE0,0x7E,0x00,0x00,0x00,0x00,0x00,0x00,0x0F,0xE0,0x7E,0x00,0x00,0x00,0x00,0x00,
    0x00,0x0F,0xE0,0x7E,0x00,0x00,0x00,0x00,0x00,0x00,0x0F,0xE0,0x7E,0x00,0x00,0x00,
    0x00,0x00,0x00,0x0F,0xE0,0x7E,0x00,0x00,0x00,0x00,0x00,0x00,0x0F,0xE0,0x7E,0x00,
    0x00,0x00,0x00,0x00,0x00,0x0F,0xE0,0x7E,0x00,0x00,0x00,0x00,0x00,0x00,0x0F,0xE0,
    0x7F,0x00,0x00,0x00,0x00,0x00,0x00,0x0F,0xE0,0x7F,0x00,0x00,0x00,0x00,0x00,0x00,
    0x0F,0xC0,0x7F,0x00,0x00,0x00,0x00,0x00,0x00,0x0F,0xC0,0x7F,0x00,0x00,0x00,0x00,
    0x00,0x00,0x1F,0xC0,0x3F,0x00,0x00,0x00,0x00,0x00,0x00,0x1F,0xC0,0x3F,0x80,0x00,
    0x00,0x00,0x00,0x00,0x1F,0xC0,0x3F,0x80,0x00,0x00,0x00,0x00,0x00,0x3F,0x80,0x3F,
    0xC0,0x00,0x00,0x00,0x00,0x00,0x3F,0x80,0x1F,0xC0,0x00,0x00,0x00,0x00,0x00,0x7F,
    0x80,0x1F,0xE0,0x00,0x00,0x00,0x00,0x00,0x7F,0x00,0x0F,0xE0,0x00,0x00,0x00,0x00,
    0x00,0xFF,0x00,0x0F,0xF0,0x00,0x00,0x00,0x00,0x00,0xFE,0x00,0x07,0xF8,0x00,0x00,
    0x00,0x00,0x01,0xFE,0x00,0x07,0xF8,0x00,0x00,0x00,0x00,0x03,0xFC,0x00,0x03,0xFC,
    0x00,0x00,0x00,0x00,0x07,0xFC,0x00,0x01,0xFE,0x00,0x00,0x00,0x00,0x0F,0xF8,0x00,
    0x01,0xFF,0x00,0x00,0x00,0x00,0x1F,0xF0,0x00,0x00,0xFF,0xC0,0x00,0x00,0x00,0x3F,
    0xE0,0x00,0x00,0x7F,0xE0,0x00,0x00,0x00,0xFF,0xC0,0x00,0x00,0x3F,0xF8,0x00,0x00,
    0x01,0xFF,0x80,0x00,0x00,0x1F,0xFE,0x00,0x00,0x07,0xFF,0x00,0x00,0x00,0x0F,0xFF,
    0xC0,0x00,0x3F,0xFE,0x00,0x00,0x00,0x03,0xFF,0xFE,0x0F,0xFF,0xFC,0x00,0x00,0x00,
    0x01,0xFF,0xFF,0xFF,0xFF,0xF0,0x00,0x00,0x00,0x00,0x7F,0xFF,0xFF,0xFF,0xC0,0x00,
    0x00,0x00,0x00,0x1F,0xFF,0xFF,0xFF,0x00,0x00,0x00,0x00,0x00,0x03,0xFF,0xFF,0xFC,
    0x00,0x00,0x00,0x00,0x00,0x00,0x7F,0xFF,0xE0,0x00,0x00,0x00,0x00,0x00,0x00,0x00,
    0xFF,0xC0,0x00,0x00,0x00,0x00,0x00,0x00,0x00,0x3F,0xE0,0x00,0x00,0x00,0x00,0x00,
    0x00,0x00,0x1F,0xF0,0x00,0x00,0x60,0x00,0x00,0x00,0x00,0x0F,0xF8,0x00,0x00,0xF0,
    0x00,0x00,0x00,0x00,0x07,0xFC,0x00,0x01,0xF8,0x00,0x00,0x00,0x00,0x03,0xFF,0x00,
    0x07,0xF8,0x00,0x00,0x00,0x00,0x01,0xFF,0xC0,0x1F,0xF8,0x00,0x00,0x00,0x00,0x00,
    0xFF,0xFF,0xFF,0xF0,0x00,0x00,0x00,0x00,0x00,0x3F,0xFF,0xFF,0xC0,0x00,0x00,0x00,
    0x00,0x00,0x1F,0xFF,0xFF,0x80,0x00,0x00,0x00,0x00,0x00,0x07,0xFF,0xFE,0x00,0x00,
    0x00,0x00,0x00,0x00,0x00,0xFF,0xF8,0x00,0x00,0x00,0x00,0x00,0x00,0x00,0x02,0x00,
    0x00,0x00,0x00,0x00,0xFF,0xFF,0xFF,0xFC,0x00,0x00,0x00,0xFF,0xFF,0xFF,0xFF,0xE0,
    0x00,0x00,0xFF,0xFF,0xFF,0xFF,0xF8,0x00,0x00,0xFF,0xFF,0xFF,0xFF,0xFE,0x00,0x00,
    0xFF,0xFF,0xFF,0xFF,0xFF,0x80,0x00,0xFF,0xFF,0xFF,0xFF,0xFF,0xC0,0x00,0xFE,0x00,
    0x00,0x01,0xFF,0xF0,0x00,0xFE,0x00,0x00,0x00,0x3F,0xF8,0x00,0xFE,0x00,0x00,0x00,
    0x0F,0xF8,0x00,0xFE,0x00,0x00,0x00,0x07,0xFC,0x00,0xFE,0x00,0x00,0x00,0x01,0xFE,
    0x00,0xFE,0x00,0x00,0x00,0x00,0xFE,0x00,0xFE,0x00,0x00,0x00,0x00,0xFF,0x00,0xFE,
    0x00,0x00,0x00,0x00,0x7F,0x00,0xFE,0x00,0x00,0x00,0x00,0x3F,0x80,0xFE,0x00,0x00,
    0x00,0x00,0x3F,0x80,0xFE,0x00,0x00,0x00,0x00,0x3F,0x80,0xFE,0x00,0x00,0x00,0x00,
    0x3F,0x80,0xFE,0x00,0x00,0x00,0x00,0x1F,0x80,0xFE,0x00,0x00,0x00,0x00,0x1F,0x80,
    0xFE,0x00,0x00,0x00,0x00,0x1F,0xC0,0xFE,0x00,0x00,0x00,0x00,0x1F,0xC0,0xFE,0x00,
    0x00,0x00,0x00,0x1F,0xC0,0xFE,0x00,0x00,0x00,0x00,0x1F,0xC0,0xFE,0x00,0x00,0x00,
    0x00,0x1F,0x80,0xFE,0x00,0x00,0x00,0x00,0x1F,0x80,0xFE,0x00,0x00,0x00,0x00,0x3F,
    0x80,0xFE,0x00,0x00,0x00,0x00,0x3F,0x80,0xFE,0x00,0x00,0x00,0x00,0x3F,0x80,0xFE,
    0x00,0x00,0x00,0x00,0x7F,0x00,0xFE,0x00,0x00,0x00,0x00,0xFF,0x00,0xFE,0x00,0x00,
    0x00,0x00,0xFE,0x00,0xFE,0x00,0x00,0x00,0x01,0xFE,0x00,0xFE,0x00,0x00,0x00,0x03,
    0xFC,0x00,0xFE,0x00,0x00,0x00,0x0F,0xF8,0x00,0xFE,0x00,0x00,0x00,0x3F,0xF8,0x00,
    0xFE,0x00,0x00,0x01,0xFF,0xF0,0x00,0xFF,0xFF,0xFF,0xFF,0xFF,0xC0,0x00,0xFF,0xFF,
    0xFF,0xFF,0xFF,0x80,0x00,0xFF,0xFF,0xFF,0xFF,0xFF,0x00,0x00,0xFF,0xFF,0xFF,0xFF,
    0xF8,0x00,0x00,0xFF,0xFF,0xFF,0xFF,0xF0,0x00,0x00,0xFF,0xFF,0xFF,0xFF,0xF0,0x00,
    0x00,0xFE,0x00,0x00,0x07,0xF8,0x00,0x00,0xFE,0x00,0x00,0x03,0xF8,0x00,0x00,0xFE,
    0x00,0x00,0x01,0xFC,0x00,0x00,0xFE,0x00,0x00,0x00,0xFE,0x00,0x00,0xFE,0x00,0x00,
    0x00,0xFF,0x00,0x00,0xFE,0x00,0x00,0x00,0x7F,0x00,0x00,0xFE,0x00,0x00,0x00,0x3F,
    0x80,0x00,0xFE,0x00,0x00,0x00,0x3F,0xC0,0x00,0xFE,0x00,0x00,0x00,0x1F,0xC0,0x00,
    0xFE,0x00,0x00,0x00,0x0F,0xE0,0x00,0xFE,0x00,0x00,0x00,0x07,0xF0,0x00,0xFE,0x00,
    0x00,0x00,0x07,0xF8,0x00,0xFE,0x00,0x00,0x00,0x03,0xF8,0x00,0xFE,0x00,0x00,0x00,
    0x01,0xFC,0x00,0xFE,0x00,0x00,0x00,0x01,0xFE,0x00,0xFE,0x00,0x00,0x00,0x00,0xFE,
    0x00,0xFE,0x00,0x00,0x00,0x00,0x7F,0x00,0xFE,0x00,0x00,0x00,0x00,0x7F,0x80,0xFE,
    0x00,0x00,0x00,0x00,0x3F,0xC0,0xFE,0x00,0x00,0x00,0x00,0x1F,0xC0,0x00,0x00,0x00,
    0x00,0x00,0x01,0xE0,0x00,0x00,0x00,0x00,0xFF,0xFF,0xC0,0x00,0x00,0x07,0xFF,0xFF,
    0xF8,0x00,0x00,0x1F,0xFF,0xFF,0xFF,0x00,0x00,0x7F,0xFF,0xFF,0xFF,0xC0,0x00,0xFF,
    0xFF,0xFF,0xFF,0xF0,0x03,0xFF,0xF0,0x03,0xFF,0xF0,0x07,0xFF,0x00,0x00,0x3F,0xF0,
    0x07,0xFC,0x00,0x00,0x07,0xE0,0x0F,0xF0,0x00,0x00,0x01,0xE0,0x1F,0xE0,0x00,0x00,
    0x00,0x60,0x1F,0xC0,0x00,0x00,0x00,0x00,0x1F,0xC0,0x00,0x00,0x00,0x00,0x3F,0x80,
    0x00,0x00,0x00,0x00,0x3F,0x80,0x00,0x00,0x00,0x00,0x3F,0x80,0x00,0x00,0x00,0x00,
    0x3F,0x00,0x00,0x00,0x00,0x00,0x3F,0x00,0x00,0x00,0x00,0x00,0x3F,0x00,0x00,0x00,
    0x00,0x00,0x3F,0x80,0x00,0x00,0x00,0x00,0x3F,0x80,0x00,0x00,0x00,0x00,0x3F,0x80,
    0x00,0x00,0x00,0x00,0x3F,0xC0,0x00,0x00,0x00,0x00,0x1F,0xC0,0x00,0x00,0x00,0x00,
    0x1F,0xF0,0x00,0x00,0x00,0x00,0x0F,0xF8,0x00,0x00,0x00,0x00,0x0F,0xFE,0x00,0x00,
    0x00,0x00,0x07,0xFF,0x80,0x00,0x00,0x00,0x03,0xFF,0xF8,0x00,0x00,0x00,0x01,0xFF,
    0xFF,0x80,0x00,0x00,0x00,0x7F,0xFF,0xF8,0x00,0x00,0x00,0x1F,0xFF,0xFF,0x00,0x00,
    0x00,0x07,0xFF,0xFF,0xE0,0x00,0x00,0x00,0xFF,0xFF,0xFC,0x00,0x00,0x00,0x1F,0xFF,
    0xFF,0x00,0x00,0x00,0x01,0xFF,0xFF,0x80,0x00,0x00,0x00,0x1F,0xFF,0xC0,0x00,0x00,
    0x00,0x01,0xFF,0xE0,0x00,0x00,0x00,0x00,0x7F,0xF0,0x00,0x00,0x00,0x00,0x1F,0xF8,
    0x00,0x00,0x00,0x00,0x07,0xFC,0x00,0x00,0x00,0x00,0x03,0xFC,0x00,0x00,0x00,0x00,
    0x01,0xFC,0x00,0x00,0x00,0x00,0x00,0xFE,0x00,0x00,0x00,0x00,0x00,0xFE,0x00,0x00,
    0x00,0x00,0x00,0xFE,0x00,0x00,0x00,0x00,0x00,0xFE,0x00,0x00,0x00,0x00,0x00,0x7E,
    0x00,0x00,0x00,0x00,0x00,0x7E,0x00,0x00,0x00,0x00,0x00,0xFE,0x00,0x00,0x00,0x00,
    0x00,0xFE,0x00,0x00,0x00,0x00,0x00,0xFE,0x30,0x00,0x00,0x00,0x01,0xFC,0x3C,0x00,
    0x00,0x00,0x01,0xFC,0x7E,0x00,0x00,0x00,0x03,0xF8,0x7F,0x80,0x00,0x00,0x07,0xF8,
    0xFF,0xE0,0x00,0x00,0x1F,0xF0,0x7F,0xFC,0x00,0x00,0x7F,0xE0,0x1F,0xFF,0xE0,0x07,
    0xFF,0xC0,0x0F,0xFF,0xFF,0xFF,0xFF,0x80,0x03,0xFF,0xFF,0xFF,0xFF,0x00,0x00,0xFF,
    0xFF,0xFF,0xFC,0x00,0x00,0x1F,0xFF,0xFF,0xF0,0x00,0x00,0x03,0xFF,0xFF,0x80,0x00,
    0x00,0x00,0x03,0xC0,0x00,0x00,0x00,0x00,0xFF,0xFF,0xFF,0xFF,0xFF,0xFF,0xE0,0xFF,
    0xFF,0xFF,0xFF,0xFF,0xFF,0xE0,0xFF,0xFF,0xFF,0xFF,0xFF,0xFF,0xE0,0xFF,0xFF,0xFF,
    0xFF,0xFF,0xFF,0xE0,0xFF,0xFF,0xFF,0xFF,0xFF,0xFF,0xE0,0x7F,0xFF,0xFF,0xFF,0xFF,
    0xFF,0xE0,0x00,0x00,0x03,0xF8,0x00,0x00,0x00,0x00,0x00,0x03,0xF8,0x00,0x00,0x00,
    0x00,0x00,0x03,0xF8,0x00,0x00,0x00,0x00,0x00,0x03,0xF8,0x00,0x00,0x00,0x00,0x00,
    0x03,0xF8,0x00,0x00,0x00,0x00,0x00,0x03,0xF8,0x00,0x00,0x00,0x00,0x00,0x03,0xF8,
    0x00,0x00,0x00,0x00,0x00,0x03,0xF8,0x00,0x00,0x00,0x00,0x00,0x03,0xF8,0x00,0x00,
    0x00,0x00,0x00,0x03,0xF8,0x00,0x00,0x00,0x00,0x00,0x03,0xF8,0x00,0x00,0x00,0x00,
    0x00,0x03,0xF8,0x00,0x00,0x00,0x00,0x00,0x03,0xF8,0x00,0x00,0x00,0x00,0x00,0x03,
    0xF8,0x00,0x00,0x00,0x00,0x00,0x03,0xF8,0x00,0x00,0x00,0x00,0x00,0x03,0xF8,0x00,
    0x00,0x00,0x00,0x00,0x03,0xF8,0x00,0x00,0x00,0x00,0x00,0x03,0xF8,0x00,0x00,0x00,
    0x00,0x00,0x03,0xF8,0x00,0x00,0x00,0x00,0x00,0x03,0xF8,0x00,0x00,0x00,0x00,0x00,
    0x03,0xF8,0x00,0x00,0x00,0x00,0x00,0x03,0xF8,0x00,0x00,0x00,0x00,0x00,0x03,0xF8,
    0x00,0x00,0x00,0x00,0x00,0x03,0xF8,0x00,0x00,0x00,0x00,0x00,0x03,0xF8,0x00,0x00,
    0x00,0x00,0x00,0x03,0xF8,0x00,0x00,0x00,0x00,0x00,0x03,0xF8,0x00,0x00,0x00,0x00,
    0x00,0x03,0xF8,0x00,0x00,0x00,0x00,0x00,0x03,0xF8,0x00,0x00,0x00,0x00,0x00,0x03,
    0xF8,0x00,0x00,0x00,0x00,0x00,0x03,0xF8,0x00,0x00,0x00,0x00,0x00,0x03,0xF8,0x00,
    0x00,0x00,0x00,0x00,0x03,0xF8,0x00,0x00,0x00,0x00,0x00,0x03,0xF8,0x00,0x00,0x00,
    0x00,0x00,0x03,0xF8,0x00,0x00,0x00,0x00,0x00,0x03,0xF8,0x00,0x00,0x00,0x00,0x00,
    0x03,0xF8,0x00,0x00,0x00,0x00,0x00,0x03,0xF8,0x00,0x00,0x00,0x00,0x00,0x03,0xF8,
    0x00,0x00,0x00,0x00,0x00,0x03,0xF8,0x00,0x00,0x00,0x00,0x00,0x03,0xF8,0x00,0x00,
    0x00,0x00,0x00,0x03,0xF8,0x00,0x00,0x00,0x00,0x00,0x03,0xF8,0x00,0x00,0x00,0x00,
    0x00,0x03,0xF8,0x00,0x00,0x00,0x00,0x00,0x03,0xF8,0x00,0x00,0x00,0x00,0x00,0x03,
    0xF8,0x00,0x00,0x00,0x00,0x00,0x03,0xF8,0x00,0x00,0x00,0x00,0x00,0x03,0xF8,0x00,
    0x00,0x00,0x00,0x00,0x03,0xF8,0x00,0x00,0x00,0x00,0x00,0x03,0xF8,0x00,0x00,0x00,
    0x00,0x00,0x03,0xF8,0x00,0x00,0x00,0x00,0x00,0x03,0xF8,0x00,0x00,0x00,0x00,0x00,
    0x03,0xF8,0x00,0x00,0x00,0x00,0x00,0x03,0xF8,0x00,0x00,0x00,0x00,0x00,0x03,0xF8,
    0x00,0x00,0x00,0x00,0x00,0x03,0xF8,0x00,0x00,0x00,0x00,0x00,0x03,0xF8,0x00,0x00,
    0x00,0x00,0x00,0x00,0x7E,0x00,0x00,0x00,0x00,0x03,0xF0,0x7E,0x00,0x00,0x00,0x00,
    0x03,0xF0,0x7E,0x00,0x00,0x00,0x00,0x03,0xF0,0x7E,0x00,0x00,0x00,0x00,0x03,0xF0,
    0x7E,0x00,0x00,0x00,0x00,0x03,0xF0,0x7E,0x00,0x00,0x00,0x00,0x03,0xF0,0x7E,0x00,
    0x00,0x00,0x00,0x03,0xF0,0x7E,0x00,0x00,0x00,0x00,0x03,0xF0,0x7E,0x00,0x00,0x00,
    0x00,0x03,0xF0,0x7E,0x00,0x00,0x00,0x00,0x03,0xF0,0x7E,0x00,0x00,0x00,0x00,0x03,
    0xF0,0x7E,0x00,0x00,0x00,0x00,0x03,0xF0,0x7E,0x00,0x00,0x00,0x00,0x03,0xF0,0x7E,
    0x00,0x00,0x00,0x00,0x03,0xF0,0x7E,0x00,0x00,0x00,0x00,0x03,0xF0,0x7E,0x00,0x00,
    0x00,0x00,0x03,0xF0,0x7E,0x00,0x00,0x00,0x00,0x03,0xF0,0x7E,0x00,0x00,0x00,0x00,
    0x03,0xF0,0x7E,0x00,0x00,0x00,0x00,0x03,0xF0,0x7E,0x00,0x00,0x00,0x00,0x03,0xF0,
    0x7E,0x00,0x00,0x00,0x00,0x03,0xF0,0x7E,0x00,0x00,0x00,0x00,0x03,0xF0,0x7E,0x00,
    0x00,0x00,0x00,0x03,0xF0,0x7E,0x00,0x00,0x00,0x00,0x03,0xF0,0x7E,0x00,0x00,0x00,
    0x00,0x03,0xF0,0x7E,0x00,0x00,0x00,0x00,0x03,0xF0,0x7E,0x00,0x00,0x00,0x00,0x03,
    0xF0,0x7E,0x00,0x00,0x00,0x00,0x03,0xF0,0x7E,0x00,0x00,0x00,0x00,0x03,0xF0,0x7E,
    0x00,0x00,0x00,0x00,0x03,0xF0,0x7E,0x00,0x00,0x00,0x00,0x03,0xF0,0x7E,0x00,0x00,
    0x00,0x00,0x03,0xF0,0x7E,0x00,0x00,0x00,0x00,0x03,0xF0,0x7E,0x00,0x00,0x00,0x00,
    0x03,0xF0,0x7E,0x00,0x00,0x00,0x00,0x03,0xF0,0x7E,0x00,0x00,0x00,0x00,0x03,0xF0,
    0x7E,0x00,0x00,0x00,0x00,0x03,0xF0,0x7E,0x00,0x00,0x00,0x00,0x03,0xF0,0x7E,0x00,
    0x00,0x00,0x00,0x03,0xF0,0x7F,0x00,0x00,0x00,0x00,0x03,0xF0,0x7F,0x00,0x00,0x00,
    0x00,0x03,0xF0,0x7F,0x00,0x00,0x00,0x00,0x03,0xF0,0x7F,0x00,0x00,0x00,0x00,0x07,
    0xF0,0x7F,0x00,0x00,0x00,0x00,0x07,0xF0,0x3F,0x00,0x00,0x00,0x00,0x07,0xF0,0x3F,
    0x80,0x00,0x00,0x00,0x07,0xE0,0x3F,0x80,0x00,0x00,0x00,0x0F,0xE0,0x3F,0x80,0x00,
    0x00,0x00,0x0F,0xE0,0x1F,0xC0,0x00,0x00,0x00,0x0F,0xE0,0x1F,0xC0,0x00,0x00,0x00,
    0x1F,0xC0,0x1F,0xE0,0x00,0x00,0x00,0x3F,0xC0,0x0F,0xF0,0x00,0x00,0x00,0x3F,0x80,
    0x0F,0xF8,0x00,0x00,0x00,0x7F,0x80,0x07,0xFC,0x00,0x00,0x00,0xFF,0x00,0x03,0xFE,
    0x00,0x00,0x03,0xFE,0x00,0x01,0xFF,0x80,0x00,0x07,0xFE,0x00,0x00,0xFF,0xE0,0x00,
    0x3F,0xFC,0x00,0x00,0x7F,0xFF,0x07,0xFF,0xF8,0x00,0x00,0x3F,0xFF,0xFF,0xFF,0xE0,
    0x00,0x00,0x1F,0xFF,0xFF,0xFF,0xC0,0x00,0x00,0x07,0xFF,0xFF,0xFF,0x00,0x00,0x00,
    0x01,0xFF,0xFF,0xFC,0x00,0x00,0x00,0x00,0x3F,0xFF,0xE0,0x00,0x00,0x00,0x00,0x00,
    0x78,0x00,0x00,0x00,0xFF,0x00,0x00,0x00,0x00,0x00,0x00,0xFC,0x7F,0x00,0x00,0x00,
    0x00,0x00,0x01,0xFC,0x7F,0x80,0x00,0x00,0x00,0x00,0x01,0xFC,0x3F,0x80,0x00,0x00,
    0x00,0x00,0x03,0xF8,0x3F,0x80,0x00,0x00,0x00,0x00,0x03,0xF8,0x1F,0xC0,0x00,0x00,
    0x00,0x00,0x07,0xF0,0x1F,0xC0,0x00,0x00,0x00,0x00,0x07,0xF0,0x0F,0xE0,0x00,0x00,
    0x00,0x00,0x07,0xE0,0x0F,0xE0,0x00,0x00,0x00,0x00,0x0F,0xE0,0x0F,0xF0,0x00,0x00,
    0x00,0x00,0x0F,0xC0,0x07,0xF0,0x00,0x00,0x00,0x00,0x1F,0xC0,0x07,0xF8,0x00,0x00,
    0x00,0x00,0x1F,0xC0,0x03,0xF8,0x00,0x00,0x00,0x00,0x3F,0x80,0x03,0xF8,0x00,0x00,
    0x00,0x00,0x3F,0x80,0x01,0xFC,0x00,0x00,0x00,0x00,0x7F,0x00,0x01,0xFC,0x00,0x00,
    0x00,0x00,0x7F,0x00,0x00,0xFE,0x00,0x00,0x00,0x00,0x7E,0x00,0x00,0xFE,0x00,0x00,
    0x00,0x00,0xFE,0x00,0x00,0xFF,0x00,0x00,0x00,0x00,0xFC,0x00,0x00,0x7F,0x00,0x00,
    0x00,0x01,0xFC,0x00,0x00,0x7F,0x00,0x00,0x00,0x01,0xFC,0x00,0x00,0x3F,0x80,0x00,
    0x00,0x03,0xF8,0x00,0x00,0x3F,0x80,0x00,0x00,0x03,0xF8,0x00,0x00,0x1F,0xC0,0x00,
    0x00,0x07,0xF0,0x00,0x00,0x1F,0xC0,0x00,0x00,0x07,0xF0,0x00,0x00,0x0F,0xE0,0x00,
    0x00,0x07,0xE0,0x00,0x00,0x0F,0xE0,0x00,0x00,0x0F,0xE0,0x00,0x00,0x0F,0xF0,0x00,
    0x00,0x0F,0xC0,0x00,0x00,0x07,0xF0,0x00,0x00,0x1F,0xC0,0x00,0x00,0x07,0xF0,0x00,
    0x00,0x1F,0xC0,0x00,0x00,0x03,0xF8,0x00,0x00,0x3F,0x80,0x00,0x00,0x03,0xF8,0x00,
    0x00,0x3F,0x80,0x00,0x00,0x01,0xFC,0x00,0x00,0x7F,0x00,0x00,0x00,0x01,0xFC,0x00,
    0x00,0x7F,0x00,0x00,0x00,0x00,0xFE,0x00,0x00,0x7E,0x00,0x00,0x00,0x00,0xFE,0x00,
    0x00,0xFE,0x00,0x00,0x00,0x00,0xFF,0x00,0x00,0xFC,0x00,0x00,0x00,0x00,0x7F,0x00,
    0x01,0xFC,0x00,0x00,0x00,0x00,0x7F,0x00,0x01,0xFC,0x00,0x00,0x00,0x00,0x3F,0x80,
    0x03,0xF8,0x00,0x00,0x00,0x00,0x3F,0x80,0x03,0xF8,0x00,0x00,0x00,0x00,0x1F,0xC0,
    0x07,0xF0,0x00,0x00,0x00,0x00,0x1F,0xC0,0x07,0xF0,0x00,0x00,0x00,0x00,0x0F,0xE0,
    0x07,0xE0,0x00,0x00,0x00,0x00,0x0F,0xE0,0x0F,0xE0,0x00,0x00,0x00,0x00,0x0F,0xE0,
    0x0F,0xC0,0x00,0x00,0x00,0x00,0x07,0xF0,0x1F,0xC0,0x00,0x00,0x00,0x00,0x07,0xF0,
    0x1F,0xC0,0x00,0x00,0x00,0x00,0x03,0xF8,0x3F,0x80,0x00,0x00,0x00,0x00,0x03,0xF8,
    0x3F,0x80,0x00,0x00,0x00,0x00,0x01,0xFC,0x3F,0x00,0x00,0x00,0x00,0x00,0x01,0xFC,
    0x7F,0x00,0x00,0x00,0x00,0x00,0x00,0xFE,0x7E,0x00,0x00,0x00,0x00,0x00,0x00,0xFE,
    0xFE,0x00,0x00,0x00,0x00,0x00,0x00,0xFF,0xFE,0x00,0x00,0x00,0x00,0x00,0x00,0x7F,
    0xFC,0x00,0x00,0x00,0x00,0x00,0x00,0x7F,0xFC,0x00,0x00,0x00,0x00,0x00,0x00,0x3F,
    0xF8,0x00,0x00,0x00,0x00,0x00,0x00,0x3F,0xF8,0x00,0x00,0x00,0x00,0x00,0x00,0x1F,
    0xF0,0x00,0x00,0x00,0x00,0x00,0x00,0x1F,0xF0,0x00,0x00,0x00,0x00,0x00,0x00,0x0F,
    0xE0,0x00,0x00,0x00,0x00,0x00,0x00,0x0F,0xE0,0x00,0x00,0x00,0xFE,0x00,0x00,0x00,
    0x00,0x0F,0xC0,0x00,0x00,0x00,0x01,0xFC,0x7F,0x00,0x00,0x00,0x00,0x0F,0xE0,0x00,
    0x00,0x00,0x01,0xF8,0x7F,0x00,0x00,0x00,0x00,0x1F,0xE0,0x00,0x00,0x00,0x01,0xF8,
    0x3F,0x00,0x00,0x00,0x00,0x1F,0xE0,0x00,0x00,0x00,0x03,0xF8,0x3F,0x80,0x00,0x00,
    0x00,0x1F,0xF0,0x00,0x00,0x00,0x03,0xF0,0x3F,0x80,0x00,0x00,0x00,0x3F,0xF0,0x00,
    0x00,0x00,0x07,0xF0,0x1F,0x80,0x00,0x00,0x00,0x3F,0xF8,0x00,0x00,0x00,0x07,0xF0,
    0x1F,0xC0,0x00,0x00,0x00,0x3F,0xF8,0x00,0x00,0x00,0x07,0xE0,0x1F,0xC0,0x00,0x00,
    0x00,0x7F,0xF8,0x00,0x00,0x00,0x0F,0xE0,0x0F,0xC0,0x00,0x00,0x00,0x7F,0xFC,0x00,
    0x00,0x00,0x0F,0xE0,0x0F,0xE0,0x00,0x00,0x00,0x7F,0xFC,0x00,0x00,0x00,0x0F,0xC0,
    0x0F,0xE0,0x00,0x00,0x00,0xFC,0xFC,0x00,0x00,0x00,0x1F,0xC0,0x07,0xE0,0x00,0x00,
    0x00,0xFC,0xFE,0x00,0x00,0x00,0x1F,0xC0,0x07,0xF0,0x00,0x00,0x01,0xFC,0xFE,0x00,
    0x00,0x00,0x1F,0x80,0x07,0xF0,0x00,0x00,0x01,0xF8,0x7E,0x00,0x00,0x00,0x3F,0x80,
    0x03,0xF0,0x00,0x00,0x01,0xF8,0x7F,0x00,0x00,0x00,0x3F,0x80,0x03,0xF8,0x00,0x00,
    0x03,0xF8,0x7F,0x00,0x00,0x00,0x3F,0x00,0x03,0xF8,0x00,0x00,0x03,0xF0,0x3F,0x00,
    0x00,0x00,0x7F,0x00,0x01,0xF8,0x00,0x00,0x03,0xF0,0x3F,0x80,0x00,0x00,0x7F,0x00,
    0x01,0xFC,0x00,0x00,0x07,0xF0,0x1F,0x80,0x00,0x00,0x7E,0x00,0x01,0xFC,0x00,0x00,
    0x07,0xE0,0x1F,0x80,0x00,0x00,0xFE,0x00,0x00,0xFC,0x00,0x00,0x07,0xE0,0x1F,0xC0,
    0x00,0x00,0xFE,0x00,0x00,0xFE,0x00,0x00,0x0F,0xC0,0x0F,0xC0,0x00,0x00,0xFC,0x00,
    0x00,0xFE,0x00,0x00,0x0F,0xC0,0x0F,0xC0,0x00,0x01,0xFC,0x00,0x00,0x7E,0x00,0x00,
    0x0F,0xC0,0x0F,0xE0,0x00,0x01,0xF8,0x00,0x00,0x7F,0x00,0x00,0x1F,0x80,0x07,0xE0,
    0x00,0x01,0xF8,0x00,0x00,0x7F,0x00,0x00,0x1F,0x80,0x07,0xE0,0x00,0x03,0xF8,0x00,
    0x00,0x3F,0x00,0x00,0x1F,0x80,0x07,0xF0,0x00,0x03,0xF0,0x00,0x00,0x3F,0x80,0x00,
    0x3F,0x00,0x03,0xF0,0x00,0x03,0xF0,0x00,0x00,0x3F,0x80,0x00,0x3F,0x00,0x03,0xF0,
    0x00,0x07,0xF0,0x00,0x00,0x1F,0x80,0x00,0x3F,0x00,0x03,0xF8,0x00,0x07,0xE0,0x00,
    0x00,0x1F,0xC0,0x00,0x7E,0x00,0x01,0xF8,0x00,0x07,0xE0,0x00,0x00,0x1F,0xC0,0x00,
    0x7E,0x00,0x01,0xF8,0x00,0x0F,0xE0,0x00,0x00,0x0F,0xC0,0x00,0x7E,0x00,0x01,0xFC,
    0x00,0x0F,0xC0,0x00,0x00,0x0F,0xE0,0x00,0xFC,0x00,0x00,0xFC,0x00,0x0F,0xC0,0x00,
    0x00,0x0F,0xE0,0x00,0xFC,0x00,0x00,0xFC,0x00,0x1F,0xC0,0x00,0x00,0x07,0xE0,0x00,
    0xFC,0x00,0x00,0xFE,0x00,0x1F,0x80,0x00,0x00,0x07,0xF0,0x01,0xF8,0x00,0x00,0x7E,
    0x00,0x1F,0x80,0x00,0x00,0x07,0xF0,0x01,0xF8,0x00,0x00,0x7E,0x00,0x3F,0x80,0x00,
    0x00,0x03,0xF0,0x03,0xF8,0x00,0x00,0x7F,0x00,0x3F,0x00,0x00,0x00,0x03,0xF8,0x03,
    0xF0,0x00,0x00,0x3F,0x00,0x3F,0x00,0x00,0x00,0x03,0xF8,0x03,0xF0,0x00,0x00,0x3F,
    0x00,0x7F,0x00,0x00,0x00,0x01,0xF8,0x07,0xF0,0x00,0x00,0x3F,0x80,0x7E,0x00,0x00,
    0x00,0x01,0xFC,0x07,0xE0,0x00,0x00,0x1F,0x80,0x7E,0x00,0x00,0x00,0x01,0xFC,0x07,
    0xE0,0x00,0x00,0x1F,0x80,0xFE,0x00,0x00,0x00,0x00,0xFC,0x0F,0xE0,0x00,0x00,0x1F,
    0xC0,0xFC,0x00,0x00,0x00,0x00,0xFE,0x0F,0xC0,0x00,0x00,0x0F,0xC0,0xFC,0x00,0x00,
    0x00,0x00,0xFE,0x0F,0xC0,0x00,0x00,0x0F,0xE1,0xFC,0x00,0x00,0x00,0x00,0x7E,0x1F,
    0xC0,0x00,0x00,0x0F,0xE1,0xF8,0x00,0x00,0x00,0x00,0x7F,0x1F,0x80,0x00,0x00,0x07,
    0xE1,0xF8,0x00,0x00,0x00,0x00,0x7F,0x1F,0x80,0x00,0x00,0x07,0xF3,0xF8,0x00,0x00,
    0x00,0x00,0x3F,0x3F,0x00,0x00,0x00,0x03,0xF3,0xF0,0x00,0x00,0x00,0x00,0x3F,0xBF,
    0x00,0x00,0x00,0x03,0xF3,0xF0,0x00,0x00,0x00,0x00,0x3F,0xBF,0x00,0x00,0x00,0x03,
    0xFF,0xF0,0x00,0x00,0x00,0x00,0x1F,0xFE,0x00,0x00,0x00,0x01,0xFF,0xE0,0x00,0x00,
    0x00,0x00,0x1F,0xFE,0x00,0x00,0x00,0x01,0xFF,0xE0,0x00,0x00,0x00,0x00,0x1F,0xFE,
    0x00,0x00,0x00,0x01,0xFF,0xE0,0x00,0x00,0x00,0x00,0x0F,0xFC,0x00,0x00,0x00,0x00,
    0xFF,0xC0,0x00,0x00,0x00,0x00,0x0F,0xFC,0x00,0x00,0x00,0x00,0xFF,0xC0,0x00,0x00,
    0x00,0x00,0x0F,0xFC,0x00,0x00,0x00,0x00,0xFF,0xC0,0x00,0x00,0x00,0x00,0x07,0xF8,
    0x00,0x00,0x00,0x00,0x7F,0x80,0x00,0x00,0x00,0x00,0x07,0xF8,0x00,0x00,0x00,0x00,
    0x7F,0x80,0x00,0x00,0x00,0x00,0x07,0xF8,0x00,0x00,0x00,0x00,0x7F,0x80,0x00,0x00,
    0x3F,0xC0,0x00,0x00,0x00,0x01,0xFC,0x00,0x1F,0xE0,0x00,0x00,0x00,0x03,0xFC,0x00,
    0x0F,0xF0,0x00,0x00,0x00,0x03,0xF8,0x00,0x07,0xF0,0x00,0x00,0x00,0x07,0xF0,0x00,
    0x07,0xF8,0x00,0x00,0x00,0x0F,0xF0,0x00,0x03,0xFC,0x00,0x00,0x00,0x0F,0xE0,0x00,
    0x01,0xFE,0x00,0x00,0x00,0x1F,0xC0,0x00,0x00,0xFE,0x00,0x00,0x00,0x3F,0x80,0x00,
    0x00,0xFF,0x00,0x00,0x00,0x7F,0x80,0x00,0x00,0x7F,0x80,0x00,0x00,0x7F,0x00,0x00,
    0x00,0x3F,0x80,0x00,0x00,0xFE,0x00,0x00,0x00,0x3F,0xC0,0x00,0x01,0xFC,0x00,0x00,
    0x00,0x1F,0xE0,0x00,0x03,0xFC,0x00,0x00,0x00,0x0F,0xF0,0x00,0x03,0xF8,0x00,0x00,
    0x00,0x07,0xF0,0x00,0x07,0xF0,0x00,0x00,0x00,0x07,0xF8,0x00,0x0F,0xE0,0x00,0x00,
    0x00,0x03,0xFC,0x00,0x1F,0xE0,0x00,0x00,0x00,0x01,0xFE,0x00,0x1F,0xC0,0x00,0x00,
    0x00,0x00,0xFE,0x00,0x3F,0x80,0x00,0x00,0x00,0x00,0xFF,0x00,0x7F,0x80,0x00,0x00,
    0x00,0x00,0x7F,0x80,0x7F,0x00,0x00,0x00,0x00,0x00,0x3F,0xC0,0xFE,0x00,0x00,0x00,
    0x00,0x00,0x1F,0xC1,0xFC,0x00,0x00,0x00,0x00,0x00,0x1F,0xE3,0xFC,0x00,0x00,0x00,
    0x00,0x00,0x0F,0xF3,0xF8,0x00,0x00,0x00,0x00,0x00,0x07,0xFF,0xF0,0x00,0x00,0x00,
    0x00,0x00,0x07,0xFF,0xE0,0x00,0x00,0x00,0x00,0x00,0x03,0xFF,0xE0,0x00,0x00,0x00,
    0x00,0x00,0x01,0xFF,0xC0,0x00,0x00,0x00,0x00,0x00,0x00,0xFF,0x80,0x00,0x00,0x00,
    0x00,0x00,0x00,0xFF,0x80,0x00,0x00,0x00,0x00,0x00,0x00,0xFF,0x80,0x00,0x00,0x00,
    0x00,0x00,0x01,0xFF,0xC0,0x00,0x00,0x00,0x00,0x00,0x03,0xFF,0xE0,0x00,0x00,0x00,
    0x00,0x00,0x03,0xFF,0xF0,0x00,0x00,0x00,0x00,0x00,0x07,0xFF,0xF0,0x00,0x00,0x00,
    0x00,0x00,0x0F,0xF7,0xF8,0x00,0x00,0x00,0x00,0x00,0x1F,0xE3,0xFC,0x00,0x00,0x00,
    0x00,0x00,0x1F,0xC1,0xFC,0x00,0x00,0x00,0x00,0x00,0x3F,0x81,0xFE,0x00,0x00,0x00,
    0x00,0x00,0x7F,0x80,0xFF,0x00,0x00,0x00,0x00,0x00,0xFF,0x00,0x7F,0x80,0x00,0x00,
    0x00,0x00,0xFE,0x00,0x3F,0x80,0x00,0x00,0x00,0x01,0xFC,0x00,0x3F,0xC0,0x00,0x00,
    0x00,0x03,0xFC,0x00,0x1F,0xE0,0x00,0x00,0x00,0x07,0xF8,0x00,0x0F,0xF0,0x00,0x00,
    0x00,0x07,0xF0,0x00,0x07,0xF0,0x00,0x00,0x00,0x0F,0xE0,0x00,0x07,0xF8,0x00,0x00,
    0x00,0x1F,0xE0,0x00,0x03,0xFC,0x00,0x00,0x00,0x1F,0xC0,0x00,0x01,0xFE,0x00,0x00,
    0x00,0x3F,0x80,0x00,0x00,0xFE,0x00,0x00,0x00,0x7F,0x80,0x00,0x00,0xFF,0x00,0x00,
    0x00,0xFF,0x00,0x00,0x00,0x7F,0x80,0x00,0x00,0xFE,0x00,0x00,0x00,0x3F,0xC0,0x00,
    0x01,0xFC,0x00,0x00,0x00,0x1F,0xC0,0x00,0x03,0xFC,0x00,0x00,0x00,0x1F,0xE0,0x00,
    0x07,0xF8,0x00,0x00,0x00,0x0F,0xF0,0x00,0x07,0xF0,0x00,0x00,0x00,0x07,0xF0,0x00,
    0x0F,0xE0,0x00,0x00,0x00,0x07,0xF8,0x00,0x1F,0xE0,0x00,0x00,0x00,0x03,0xFC,0x00,
    0x3F,0xC0,0x00,0x00,0x00,0x01,0xFE,0x00,0x3F,0x80,0x00,0x00,0x00,0x00,0xFE,0x00,
    0x7F,0x80,0x00,0x00,0x00,0x00,0xFF,0x00,0xFF,0x00,0x00,0x00,0x00,0x00,0x3F,0x80,
    0x7F,0x00,0x00,0x00,0x00,0x00,0x7F,0x00,0x3F,0x80,0x00,0x00,0x00,0x00,0x7F,0x00,
    0x3F,0x80,0x00,0x00,0x00,0x00,0xFE,0x00,0x1F,0xC0,0x00,0x00,0x00,0x00,0xFC,0x00,
    0x1F,0xE0,0x00,0x00,0x00,0x01,0xFC,0x00,0x0F,0xE0,0x00,0x00,0x00,0x03,0xF8,0x00,
    0x07,0xF0,0x00,0x00,0x00,0x03,0xF0,0x00,0x07,0xF0,0x00,0x00,0x00,0x07,0xF0,0x00,
    0x03,0xF8,0x00,0x00,0x00,0x07,0xE0,0x00,0x01,0xFC,0x00,0x00,0x00,0x0F,0xE0,0x00,
    0x01,0xFC,0x00,0x00,0x00,0x1F,0xC0,0x00,0x00,0xFE,0x00,0x00,0x00,0x1F,0x80,0x00,
    0x00,0xFE,0x00,0x00,0x00,0x3F,0x80,0x00,0x00,0x7F,0x00,0x00,0x00,0x3F,0x00,0x00,
    0x00,0x3F,0x80,0x00,0x00,0x7F,0x00,0x00,0x00,0x3F,0x80,0x00,0x00,0xFE,0x00,0x00,
    0x00,0x1F,0xC0,0x00,0x00,0xFC,0x00,0x00,0x00,0x1F,0xE0,0x00,0x01,0xFC,0x00,0x00,
    0x00,0x0F,0xE0,0x00,0x03,0xF8,0x00,0x00,0x00,0x07,0xF0,0x00,0x03,0xF8,0x00,0x00,
    0x00,0x07,0xF0,0x00,0x07,0xF0,0x00,0x00,0x00,0x03,0xF8,0x00,0x07,0xE0,0x00,0x00,
    0x00,0x03,0xFC,0x00,0x0F,0xE0,0x00,0x00,0x00,0x01,0xFC,0x00,0x1F,0xC0,0x00,0x00,
    0x00,0x00,0xFE,0x00,0x1F,0x80,0x00,0x00,0x00,0x00,0xFE,0x00,0x3F,0x80,0x00,0x00,
    0x00,0x00,0x7F,0x00,0x3F,0x00,0x00,0x00,0x00,0x00,0x7F,0x80,0x7F,0x00,0x00,0x00,
    0x00,0x00,0x3F,0x80,0xFE,0x00,0x00,0x00,0x00,0x00,0x1F,0xC0,0xFC,0x00,0x00,0x00,
    0x00,0x00,0x1F,0xC1,0xFC,0x00,0x00,0x00,0x00,0x00,0x0F,0xE1,0xF8,0x00,0x00,0x00,
    0x00,0x00,0x07,0xF3,0xF8,0x00,0x00,0x00,0x00,0x00,0x07,0xF7,0xF0,0x00,0x00,0x00,
    0x00,0x00,0x03,0xFF,0xE0,0x00,0x00,0x00,0x00,0x00,0x03,0xFF,0xE0,0x00,0x00,0x00,
    0x00,0x00,0x01,0xFF,0xC0,0x00,0x00,0x00,0x00,0x00,0x00,0xFF,0xC0,0x00,0x00,0x00,
    0x00,0x00,0x00,0xFF,0x80,0x00,0x00,0x00,0x00,0x00,0x00,0x7F,0x00,0x00,0x00,0x00,
    0x00,0x00,0x00,0x7F,0x00,0x00,0x00,0x00,0x00,0x00,0x00,0x7F,0x00,0x00,0x00,0x00,
    0x00,0x00,0x00,0x7F,0x00,0x00,0x00,0x00,0x00,0x00,0x00,0x7F,0x00,0x00,0x00,0x00,
    0x00,0x00,0x00,0x7F,0x00,0x00,0x00,0x00,0x00,0x00,0x00,0x7F,0x00,0x00,0x00,0x00,
    0x00,0x00,0x00,0x7F,0x00,0x00,0x00,0x00,0x00,0x00,0x00,0x7F,0x00,0x00,0x00,0x00,
    0x00,0x00,0x00,0x7F,0x00,0x00,0x00,0x00,0x00,0x00,0x00,0x7F,0x00,0x00,0x00,0x00,
    0x00,0x00,0x00,0x7F,0x00,0x00,0x00,0x00,0x00,0x00,0x00,0x7F,0x00,0x00,0x00,0x00,
    0x00,0x00,0x00,0x7F,0x00,0x00,0x00,0x00,0x00,0x00,0x00,0x7F,0x00,0x00,0x00,0x00,
    0x00,0x00,0x00,0x7F,0x00,0x00,0x00,0x00,0x00,0x00,0x00,0x7F,0x00,0x00,0x00,0x00,
    0x00,0x00,0x00,0x7F,0x00,0x00,0x00,0x00,0x00,0x00,0x00,0x7F,0x00,0x00,0x00,0x00,
    0x00,0x00,0x00,0x7F,0x00,0x00,0x00,0x00,0x00,0x00,0x00,0x7F,0x00,0x00,0x00,0x00,
    0x00,0x00,0x00,0x7F,0x00,0x00,0x00,0x00,0x00,0x00,0x00,0x7F,0x00,0x00,0x00,0x00,
    0x7F,0xFF,0xFF,0xFF,0xFF,0xFF,0xE0,0x7F,0xFF,0xFF,0xFF,0xFF,0xFF,0xE0,0x7F,0xFF,
    0xFF,0xFF,0xFF,0xFF,0xE0,0x7F,0xFF,0xFF,0xFF,0xFF,0xFF,0xE0,0x7F,0xFF,0xFF,0xFF,
    0xFF,0xFF,0xE0,0x7F,0xFF,0xFF,0xFF,0xFF,0xFF,0xC0,0x00,0x00,0x00,0x00,0x00,0x7F,
    0x80,0x00,0x00,0x00,0x00,0x00,0xFF,0x00,0x00,0x00,0x00,0x00,0x00,0xFF,0x00,0x00,
    0x00,0x00,0x00,0x01,0xFE,0x00,0x00,0x00,0x00,0x00,0x03,0xFC,0x00,0x00,0x00,0x00,
    0x00,0x07,0xF8,0x00,0x00,0x00,0x00,0x00,0x0F,0xF0,0x00,0x00,0x00,0x00,0x00,0x0F,
    0xF0,0x00,0x00,0x00,0x00,0x00,0x1F,0xE0,0x00,0x00,0x00,0x00,0x00,0x3F,0xC0,0x00,
    0x00,0x00,0x00,0x00,0x7F,0x80,0x00,0x00,0x00,0x00,0x00,0xFF,0x00,0x00,0x00,0x00,
    0x00,0x00,0xFF,0x00,0x00,0x00,0x00,0x00,0x01,0xFE,0x00,0x00,0x00,0x00,0x00,0x03,
    0xFC,0x00,0x00,0x00,0x00,0x00,0x07,0xF8,0x00,0x00,0x00,0x00,0x00,0x07,0xF0,0x00,
    0x00,0x00,0x00,0x00,0x0F,0xF0,0x00,0x00,0x00,0x00,0x00,0x1F,0xE0,0x00,0x00,0x00,
    0x00,0x00,0x3F,0xC0,0x00,0x00,0x00,0x00,0x00,0x7F,0x80,0x00,0x00,0x00,0x00,0x00,
    0x7F,0x80,0x00,0x00,0x00,0x00,0x00,0xFF,0x00,0x00,0x00,0x00,0x00,0x01,0xFE,0x00,
    0x00,0x00,0x00,0x00,0x03,0xFC,0x00,0x00,0x00,0x00,0x00,0x07,0xF8,0x00,0x00,0x00,
    0x00,0x00,0x07,0xF8,0x00,0x00,0x00,0x00,0x00,0x0F,0xF0,0x00,0x00,0x00,0x00,0x00,
    0x1F,0xE0,0x00,0x00,0x00,0x00,0x00,0x3F,0xC0,0x00,0x00,0x00,0x00,0x00,0x7F,0x80,
    0x00,0x00,0x00,0x00,0x00,0x7F,0x80,0x00,0x00,0x00,0x00,0x00,0xFF,0x00,0x00,0x00,
    0x00,0x00,0x01,0xFE,0x00,0x00,0x00,0x00,0x00,0x03,0xFC,0x00,0x00,0x00,0x00,0x00,
    0x07,0xF8,0x00,0x00,0x00,0x00,0x00,0x07,0xF8,0x00,0x00,0x00,0x00,0x00,0x0F,0xF0,
    0x00,0x00,0x00,0x00,0x00,0x1F,0xE0,0x00,0x00,0x00,0x00,0x00,0x3F,0xC0,0x00,0x00,
    0x00,0x00,0x00,0x7F,0x80,0x00,0x00,0x00,0x00,0x00,0x7F,0x80,0x00,0x00,0x00,0x00,
    0x00,0xFF,0x00,0x00,0x00,0x00,0x00,0x01,0xFE,0x00,0x00,0x00,0x00,0x00,0x03,0xFC,
    0x00,0x00,0x00,0x00,0x00,0x03,0xFC,0x00,0x00,0x00,0x00,0x00,0x07,0xF8,0x00,0x00,
    0x00,0x00,0x00,0x0F,0xF0,0x00,0x00,0x00,0x00,0x00,0x1F,0xE0,0x00,0x00,0x00,0x00,
    0x00,0x3F,0xC0,0x00,0x00,0x00,0x00,0x00,0x3F,0xC0,0x00,0x00,0x00,0x00,0x00,0x7F,
    0xFF,0xFF,0xFF,0xFF,0xFF,0xF0,0xFF,0xFF,0xFF,0xFF,0xFF,0xFF,0xF0,0xFF,0xFF,0xFF,
    0xFF,0xFF,0xFF,0xF0,0xFF,0xFF,0xFF,0xFF,0xFF,0xFF,0xF0,0xFF,0xFF,0xFF,0xFF,0xFF,
    0xFF,0xF0,0xFF,0xFF,0xFF,0xFF,0xFF,0xFF,0xF0,0x00,0x00,0x00,0xFF,0xFF,0x80,0xFF,
    0xFF,0x80,0xFF,0xFF,0x80,0xFF,0xFF,0x80,0xFF,0xFF,0x80,0xFF,0xFF,0x00,0xFE,0x00,
    0x00,0xFE,0x00,0x00,0xFE,0x00,0x00,0xFE,0x00,0x00,0xFE,0x00,0x00,0xFE,0x00,0x00,
    0xFE,0x00,0x00,0xFE,0x00,0x00,0xFE,0x00,0x00,0xFE,0x00,0x00,0xFE,0x00,0x00,0xFE,
    0x00,0x00,0xFE,0x00,0x00,0xFE,0x00,0x00,0xFE,0x00,0x00,0xFE,0x00,0x00,0xFE,0x00,
    0x00,0xFE,0x00,0x00,0xFE,0x00,0x00,0xFE,0x00,0x00,0xFE,0x00,0x00,0xFE,0x00,0x00,
    0xFE,0x00,0x00,0xFE,0x00,0x00,0xFE,0x00,0x00,0xFE,0x00,0x00,0xFE,0x00,0x00,0xFE,
    0x00,0x00,0xFE,0x00,0x00,0xFE,0x00,0x00,0xFE,0x00,0x00,0xFE,0x00,0x00,0xFE,0x00,
    0x00,0xFE,0x00,0x00,0xFE,0x00,0x00,0xFE,0x00,0x00,0xFE,0x00,0x00,0xFE,0x00,0x00,
    0xFE,0x00,0x00,0xFE,0x00,0x00,0xFE,0x00,0x00,0xFE,0x00,0x00,0xFE,0x00,0x00,0xFE,
    0x00,0x00,0xFE,0x00,0x00,0xFE,0x00,0x00,0xFE,0x00,0x00,0xFE,0x00,0x00,0xFE,0x00,
    0x00,0xFE,0x00,0x00,0xFE,0x00,0x00,0xFE,0x00,0x00,0xFE,0x00,0x00,0xFE,0x00,0x00,
    0xFE,0x00,0x00,0xFE,0x00,0x00,0xFE,0x00,0x00,0xFE,0x00,0x00,0xFE,0x00,0x00,0xFE,
    0x00,0x00,0xFE,0x00,0x00,0xFE,0x00,0x00,0xFE,0x00,0x00,0xFE,0x00,0x00,0xFE,0x00,
    0x00,0xFE,0x00,0x00,0xFE,0x00,0x00,0xFE,0x00,0x00,0xFE,0x00,0x00,0xFE,0x00,0x00,
    0xFE,0x00,0x00,0xFE,0x00,0x00,0xFE,0x00,0x00,0xFF,0xFF,0x80,0xFF,0xFF,0x80,0xFF,
    0xFF,0x80,0xFF,0xFF,0x80,0xFF,0xFF,0x80,0x00,0x00,0x00,0x00,0x7E,0x00,0x00,0x00,
    0x00,0x7E,0x00,0x00,0x00,0x00,0x3F,0x00,0x00,0x00,0x00,0x3F,0x00,0x00,0x00,0x00,
    0x3F,0x00,0x00,0x00,0x00,0x1F,0x80,0x00,0x00,0x00,0x1F,0x80,0x00,0x00,0x00,0x1F,
    0x80,0x00,0x00,0x00,0x0F,0xC0,0x00,0x00,0x00,0x0F,0xC0,0x00,0x00,0x00,0x0F,0xC0,
    0x00,0x00,0x00,0x07,0xE0,0x00,0x00,0x00,0x07,0xE0,0x00,0x00,0x00,0x07,0xE0,0x00,
    0x00,0x00,0x03,0xF0,0x00,0x00,0x00,0x03,0xF0,0x00,0x00,0x00,0x01,0xF0,0x00,0x00,
    0x00,0x01,0xF8,0x00,0x00,0x00,0x01,0xF8,0x00,0x00,0x00,0x00,0xF8,0x00,0x00,0x00,
    0x00,0xFC,0x00,0x00,0x00,0x00,0xFC,0x00,0x00,0x00,0x00,0x7E,0x00,0x00,0x00,0x00,
    0x7E,0x00,0x00,0x00,0x00,0x7E,0x00,0x00,0x00,0x00,0x3F,0x00,0x00,0x00,0x00,0x3F,
    0x00,0x00,0x00,0x00,0x3F,0x00,0x00,0x00,0x00,0x1F,0x80,0x00,0x00,0x00,0x1F,0x80,
    0x00,0x00,0x00,0x1F,0x80,0x00,0x00,0x00,0x0F,0xC0,0x00,0x00,0x00,0x0F,0xC0,0x00,
    0x00,0x00,0x0F,0xC0,0x00,0x00,0x00,0x07,0xE0,0x00,0x00,0x00,0x07,0xE0,0x00,0x00,
    0x00,0x03,0xE0,0x00,0x00,0x00,0x03,0xF0,0x00,0x00,0x00,0x03,0xF0,0x00,0x00,0x00,
    0x01,0xF0,0x00,0x00,0x00,0x01,0xF8,0x00,0x00,0x00,0x01,0xF8,0x00,0x00,0x00,0x00,
    0xFC,0x00,0x00,0x00,0x00,0xFC,0x00,0x00,0x00,0x00,0xFC,0x00,0x00,0x00,0x00,0x7E,
    0x00,0x00,0x00,0x00,0x7E,0x00,0x00,0x00,0x00,0x7E,0x00,0x00,0x00,0x00,0x3F,0x00,
    0x00,0x00,0x00,0x3F,0x00,0x00,0x00,0x00,0x3F,0x00,0x00,0x00,0x00,0x1F,0x80,0x00,
    0x00,0x00,0x1F,0x80,0x00,0x00,0x00,0x0F,0x80,0x00,0x00,0x00,0x0F,0xC0,0x00,0x00,
    0x00,0x0F,0xC0,0x00,0x00,0x00,0x07,0xC0,0x00,0x00,0x00,0x07,0xE0,0x00,0x00,0x00,
    0x07,0xE0,0x00,0x00,0x00,0x03,0xE0,0x00,0x00,0x00,0x03,0xF0,0x00,0x00,0x00,0x03,
    0xF0,0x00,0x00,0x00,0x01,0xF8,0x00,0x00,0x00,0x01,0xF8,0x00,0x00,0x00,0x01,0xF8,
    0x00,0x00,0x00,0x00,0xFC,0x00,0x00,0x00,0x00,0xFC,0x00,0x00,0x00,0x00,0xFC,0x00,
    0x00,0x00,0x00,0x7E,0x00,0x00,0x00,0x00,0x7E,0x00,0x00,0x00,0x00,0x7E,0x00,0x00,
    0x00,0x00,0x3F,0x00,0x00,0x00,0x00,0x3F,0x00,0x00,0x00,0x00,0x1F,0x00,0x00,0x00,
    0x00,0x1F,0x80,0x00,0x00,0x00,0x1F,0x80,0x00,0x00,0x00,0x0F,0x80,0x00,0x00,0x00,
    0x0F,0xC0,0x00,0x00,0x00,0x0F,0xC0,0x00,0x00,0x00,0x07,0xC0,0x00,0x00,0x00,0x07,
    0xE0,0x00,0x00,0x00,0x07,0xE0,0x00,0x00,0x00,0x03,0xF0,0x00,0x00,0x00,0x03,0xF0,
    0x00,0x00,0x00,0x03,0xF0,0x00,0x00,0x00,0x7F,0xFF,0x80,0x7F,0xFF,0x80,0x7F,0xFF,
    0x80,0x7F,0xFF,0x80,0x7F,0xFF,0x80,0x7F,0xFF,0x80,0x00,0x1F,0x80,0x00,0x1F,0x80,
    0x00,0x1F,0x80,0x00,0x1F,0x80,0x00,0x1F,0x80,0x00,0x1F,0x80,0x00,0x1F,0x80,0x00,
    0x1F,0x80,0x00,0x1F,0x80,0x00,0x1F,0x80,0x00,0x1F,0x80,0x00,0x1F,0x80,0x00,0x1F,
    0x80,0x00,0x1F,0x80,0x00,0x1F,0x80,0x00,0x1F,0x80,0x00,0x1F,0x80,0x00,0x1F,0x80,
    0x00,0x1F,0x80,0x00,0x1F,0x80,0x00,0x1F,0x80,0x00,0x1F,0x80,0x00,0x1F,0x80,0x00,
    0x1F,0x80,0x00,0x1F,0x80,0x00,0x1F,0x80,0x00,0x1F,0x80,0x00,0x1F,0x80,0x00,0x1F,
    0x80,0x00,0x1F,0x80,0x00,0x1F,0x80,0x00,0x1F,0x80,0x00,0x1F,0x80,0x00,0x1F,0x80,
    0x00,0x1F,0x80,0x00,0x1F,0x80,0x00,0x1F,0x80,0x00,0x1F,0x80,0x00,0x1F,0x80,0x00,
    0x1F,0x80,0x00,0x1F,0x80,0x00,0x1F,0x80,0x00,0x1F,0x80,0x00,0x1F,0x80,0x00,0x1F,
    0x80,0x00,0x1F,0x80,0x00,0x1F,0x80,0x00,0x1F,0x80,0x00,0x1F,0x80,0x00,0x1F,0x80,
    0x00,0x1F,0x80,0x00,0x1F,0x80,0x00,0x1F,0x80,0x00,0x1F,0x80,0x00,0x1F,0x80,0x00,
    0x1F,0x80,0x00,0x1F,0x80,0x00,0x1F,0x80,0x00,0x1F,0x80,0x00,0x1F,0x80,0x00,0x1F,
    0x80,0x00,0x1F,0x80,0x00,0x1F,0x80,0x00,0x1F,0x80,0x00,0x1F,0x80,0x00,0x1F,0x80,
    0x00,0x1F,0x80,0x00,0x1F,0x80,0x00,0x1F,0x80,0x00,0x1F,0x80,0x00,0x1F,0x80,0x00,
    0x1F,0x80,0x00,0x1F,0x80,0x7F,0xFF,0x80,0x7F,0xFF,0x80,0x7F,0xFF,0x80,0x7F,0xFF,
    0x80,0x7F,0xFF,0x80,0x00,0x00,0x00,0x00,0x00,0x00,0x00,0x00,0x00,0x00,0x00,0xFC,
    0x00,0x00,0x00,0x00,0xFC,0x00,0x00,0x00,0x01,0xFE,0x00,0x00,0x00,0x01,0xFE,0x00,
    0x00,0x00,0x03,0xFF,0x00,0x00,0x00,0x03,0xFF,0x00,0x00,0x00,0x07,0xDF,0x00,0x00,
    0x00,0x07,0xCF,0x80,0x00,0x00,0x07,0xCF,0x80,0x00,0x00,0x0F,0x87,0xC0,0x00,0x00,
    0x0F,0x87,0xC0,0x00,0x00,0x1F,0x07,0xE0,0x00,0x00,0x1F,0x03,0xE0,0x00,0x00,0x3F,
    0x03,0xE0,0x00,0x00,0x3E,0x01,0xF0,0x00,0x00,0x3E,0x01,0xF0,0x00,0x00,0x7C,0x00,
    0xF8,0x00,0x00,0x7C,0x00,0xF8,0x00,0x00,0xF8,0x00,0xFC,0x00,0x00,0xF8,0x00,0x7C,
    0x00,0x01,0xF8,0x00,0x7C,0x00,0x01,0xF0,0x00,0x3E,0x00,0x01,0xF0,0x00,0x3E,0x00,
    0x03,0xE0,0x00,0x3F,0x00,0x03,0xE0,0x00,0x1F,0x00,0x07,0xE0,0x00,0x1F,0x00,0x07,
    0xC0,0x00,0x0F,0x80,0x07,0xC0,0x00,0x0F,0x80,0x0F,0x80,0x00,0x0F,0xC0,0x0F,0x80,
    0x00,0x07,0xC0,0x1F,0x80,0x00,0x07,0xE0,0x1F,0x00,0x00,0x03,0xE0,0x3F,0x00,0x00,
    0x03,0xE0,0x3E,0x00,0x00,0x01,0xF0,0x3E,0x00,0x00,0x01,0xF0,0x7C,0x00,0x00,0x01,
    0xF8,0x7C,0x00,0x00,0x00,0xF8,0x00,0x00,0x00,0x00,0x00,0x00,0xFF,0xFF,0xFF,0xFF,
    0xFF,0xF8,0xFF,0xFF,0xFF,0xFF,0xFF,0xF8,0xFF,0xFF,0xFF,0xFF,0xFF,0xF8,0xFF,0xFF,
    0xFF,0xFF,0xFF,0xF8,0x00,0x00,0x00,0x00,0x00,0x00,0x00,0x00,0x3F,0xC0,0x00,0x1F,
    0xE0,0x00,0x0F,0xF0,0x00,0x07,0xF8,0x00,0x01,0xFC,0x00,0x00,0xFE,0x00,0x00,0x7F,
    0x00,0x00,0x3F,0xC0,0x00,0x0F,0xE0,0x00,0x07,0xF0,0x00,0x03,0xF8,0x00,0x00,0x00,
    0x00,0x00,0x3F,0x80,0x00,0x00,0x00,0x0F,0xFF,0xFC,0x00,0x00,0x00,0x7F,0xFF,0xFF,
    0x00,0x00,0x01,0xFF,0xFF,0xFF,0xC0,0x00,0x07,0xFF,0xFF,0xFF,0xE0,0x00,0x0F,0xFF,
    0xFF,0xFF,0xF0,0x00,0x1F,0xFE,0x00,0x3F,0xF8,0x00,0x1F,0xF0,0x00,0x07,0xFC,0x00,
    0x1F,0xC0,0x00,0x03,0xFC,0x00,0x0F,0x00,0x00,0x01,0xFE,0x00,0x04,0x00,0x00,0x00,
    0xFE,0x00,0x00,0x00,0x00,0x00,0x7F,0x00,0x00,0x00,0x00,0x00,0x7F,0x00,0x00,0x00,
    0x00,0x00,0x3F,0x00,0x00,0x00,0x00,0x00,0x3F,0x00,0x00,0x00,0x00,0x00,0x3F,0x00,
    0x00,0x00,0x00,0x00,0x3F,0x80,0x00,0x00,0x00,0x00,0x3F,0x80,0x00,0x00,0x00,0x00,
    0x3F,0x80,0x00,0x00,0x00,0x00,0x3F,0x80,0x00,0x00,0x00,0x00,0x3F,0x80,0x00,0x01,
    0xFF,0xFF,0xFF,0x80,0x00,0x3F,0xFF,0xFF,0xFF,0x80,0x00,0xFF,0xFF,0xFF,0xFF,0x80,
    0x03,0xFF,0xFF,0xFF,0xFF,0x80,0x07,0xFF,0xFF,0xFF,0xFF,0x80,0x0F,0xFC,0x00,0x00,
    0x3F,0x80,0x1F,0xE0,0x00,0x00,0x3F,0x80,0x3F,0xC0,0x00,0x00,0x3F,0x80,0x3F,0x80,
    0x00,0x00,0x3F,0x80,0x3F,0x00,0x00,0x00,0x3F,0x80,0x7F,0x00,0x00,0x00,0x3F,0x80,
    0x7E,0x00,0x00,0x00,0x3F,0x80,0x7E,0x00,0x00,0x00,0x3F,0x80,0x7E,0x00,0x00,0x00,
    0x3F,0x80,0x7E,0x00,0x00,0x00,0x7F,0x80,0x7E,0x00,0x00,0x00,0x7F,0x80,0x7F,0x00,
    0x00,0x00,0xFF,0x80,0x7F,0x00,0x00,0x01,0xFF,0x80,0x3F,0x80,0x00,0x03,0xFF,0x80,
    0x3F,0xC0,0x00,0x07,0xFF,0x80,0x1F,0xE0,0x00,0x0F,0xFF,0x80,0x0F,0xF8,0x00,0x7F,
    0x9F,0x80,0x0F,0xFF,0xFF,0xFF,0x1F,0x80,0x07,0xFF,0xFF,0xFE,0x1F,0x80,0x01,0xFF,
    0xFF,0xFC,0x1F,0x80,0x00,0x7F,0xFF,0xF0,0x1F,0x80,0x00,0x1F,0xFF,0x80,0x1F,0x80,
    0x00,0x00,0x00,0x00,0x00,0x00,0x00,0x00,0x7E,0x00,0x00,0x00,0x00,0x00,0x00,0x7E,
    0x00,0x00,0x00,0x00,0x00,0x00,0x7E,0x00,0x00,0x00,0x00,0x00,0x00,0x7E,0x00,0x00,
    0x00,0x00,0x00,0x00,0x7E,0x00,0x00,0x00,0x00,0x00,0x00,0x7E,0x00,0x00,0x00,0x00,
    0x00,0x00,0x7E,0x00,0x00,0x00,0x00,0x00,0x00,0x7E,0x00,0x00,0x00,0x00,0x00,0x00,
    0x7E,0x00,0x00,0x00,0x00,0x00,0x00,0x7E,0x00,0x00,0x00,0x00,0x00,0x00,0x7E,0x00,
    0x00,0x00,0x00,0x00,0x00,0x7E,0x00,0x00,0x00,0x00,0x00,0x00,0x7E,0x00,0x00,0x00,
    0x00,0x00,0x00,0x7E,0x00,0x00,0x00,0x00,0x00,0x00,0x7E,0x00,0x00,0x00,0x00,0x00,
    0x00,0x7E,0x00,0x00,0x00,0x00,0x00,0x00,0x7E,0x00,0x00,0x00,0x00,0x00,0x00,0x7E,
    0x00,0x00,0x00,0x00,0x00,0x00,0x7E,0x00,0x00,0x00,0x00,0x00,0x00,0x7E,0x00,0x03,
    0xF8,0x00,0x00,0x00,0x7E,0x00,0x3F,0xFF,0x80,0x00,0x00,0x7E,0x01,0xFF,0xFF,0xF0,
    0x00,0x00,0x7E,0x03,0xFF,0xFF,0xFC,0x00,0x00,0x7E,0x0F,0xFF,0xFF,0xFE,0x00,0x00,
    0x7E,0x1F,0xFF,0xFF,0xFF,0x80,0x00,0x7E,0x3F,0xF0,0x03,0xFF,0xC0,0x00,0x7E,0x7F,
    0x80,0x00,0x7F,0xE0,0x00,0x7E,0xFE,0x00,0x00,0x3F,0xF0,0x00,0x7F,0xFC,0x00,0x00,
    0x0F,0xF0,0x00,0x7F,0xF8,0x00,0x00,0x07,0xF8,0x00,0x7F,0xF0,0x00,0x00,0x03,0xFC,
    0x00,0x7F,0xE0,0x00,0x00,0x01,0xFC,0x00,0x7F,0xC0,0x00,0x00,0x01,0xFE,0x00,0x7F,
    0xC0,0x00,0x00,0x00,0xFE,0x00,0x7F,0x80,0x00,0x00,0x00,0x7F,0x00,0x7F,0x80,0x00,
    0x00,0x00,0x7F,0x00,0x7F,0x00,0x00,0x00,0x00,0x7F,0x00,0x7F,0x00,0x00,0x00,0x00,
    0x3F,0x00,0x7F,0x00,0x00,0x00,0x00,0x3F,0x00,0x7F,0x00,0x00,0x00,0x00,0x3F,0x80,
    0x7E,0x00,0x00,0x00,0x00,0x3F,0x80,0x7E,0x00,0x00,0x00,0x00,0x3F,0x80,0x7E,0x00,
    0x00,0x00,0x00,0x3F,0x80,0x7E,0x00,0x00,0x00,0x00,0x3F,0x80,0x7E,0x00,0x00,0x00,
    0x00,0x3F,0x80,0x7E,0x00,0x00,0x00,0x00,0x3F,0x80,0x7E,0x00,0x00,0x00,0x00,0x3F,
    0x80,0x7F,0x00,0x00,0x00,0x00,0x3F,0x80,0x7F,0x00,0x00,0x00,0x00,0x3F,0x00,0x7F,
    0x00,0x00,0x00,0x00,0x3F,0x00,0x7F,0x00,0x00,0x00,0x00,0x7F,0x00,0x7F,0x80,0x00,
    0x00,0x00,0x7F,0x00,0x7F,0x80,0x00,0x00,0x00,0xFE,0x00,0x7F,0xC0,0x00,0x00,0x00,
    0xFE,0x00,0x7F,0xC0,0x00,0x00,0x01,0xFE,0x00,0x7F,0xE0,0x00,0x00,0x03,0xFC,0x00,
    0x7F,0xF0,0x00,0x00,0x03,0xF8,0x00,0x7F,0xF8,0x00,0x00,0x07,0xF8,0x00,0x7E,0xFC,
    0x00,0x00,0x1F,0xF0,0x00,0x7E,0xFF,0x00,0x00,0x3F,0xE0,0x00,0x7E,0x7F,0xC0,0x00,
    0xFF,0xC0,0x00,0x7E,0x3F,0xFC,0x0F,0xFF,0x80,0x00,0x7E,0x1F,0xFF,0xFF,0xFF,0x00,
    0x00,0x7E,0x0F,0xFF,0xFF,0xFE,0x00,0x00,0x7E,0x03,0xFF,0xFF,0xF8,0x00,0x00,0x7E,
    0x00,0xFF,0xFF,0xE0,0x00,0x00,0x7E,0x00,0x1F,0xFF,0x00,0x00,0x00,0x00,0x00,0x00,
    0x00,0x00,0x00,0x00,0x00,0x00,0x07,0xF0,0x00,0x00,0x00,0x00,0xFF,0xFF,0x80,0x00,
    0x00,0x03,0xFF,0xFF,0xE0,0x00,0x00,0x0F,0xFF,0xFF,0xF8,0x00,0x00,0x3F,0xFF,0xFF,
    0xFC,0x00,0x00,0x7F,0xFF,0xFF,0xFF,0x00,0x00,0xFF,0xF0,0x07,0xFF,0x80,0x01,0xFF,
    0x80,0x00,0xFF,0xC0,0x03,0xFE,0x00,0x00,0x3F,0xC0,0x07,0xF8,0x00,0x00,0x1F,0xE0,
    0x0F,0xF0,0x00,0x00,0x0F,0xC0,0x1F,0xE0,0x00,0x00,0x07,0x00,0x1F,0xC0,0x00,0x00,
    0x02,0x00,0x3F,0xC0,0x00,0x00,0x00,0x00,0x3F,0x80,0x00,0x00,0x00,0x00,0x3F,0x80,
    0x00,0x00,0x00,0x00,0x7F,0x00,0x00,0x00,0x00,0x00,0x7F,0x00,0x00,0x00,0x00,0x00,
    0x7E,0x00,0x00,0x00,0x00,0x00,0x7E,0x00,0x00,0x00,0x00,0x00,0xFE,0x00,0x00,0x00,
    0x00,0x00,0xFE,0x00,0x00,0x00,0x00,0x00,0xFE,0x00,0x00,0x00,0x00,0x00,0xFE,0x00,
    0x00,0x00,0x00,0x00,0xFE,0x00,0x00,0x00,0x00,0x00,0xFE,0x00,0x00,0x00,0x00,0x00,
    0xFE,0x00,0x00,0x00,0x00,0x00,0xFE,0x00,0x00,0x00,0x00,0x00,0xFE,0x00,0x00,0x00,
    0x00,0x00,0x7E,0x00,0x00,0x00,0x00,0x00,0x7E,0x00,0x00,0x00,0x00,0x00,0x7F,0x00,
    0x00,0x00,0x00,0x00,0x7F,0x00,0x00,0x00,0x00,0x00,0x3F,0x80,0x00,0x00,0x00,0x00,
    0x3F,0x80,0x00,0x00,0x00,0x00,0x1F,0xC0,0x00,0x00,0x00,0x00,0x1F,0xE0,0x00,0x00,
    0x02,0x00,0x0F,0xF0,0x00,0x00,0x07,0x80,0x0F,0xF8,0x00,0x00,0x0F,0xC0,0x07,0xFC,
    0x00,0x00,0x1F,0xE0,0x03,0xFE,0x00,0x00,0x7F,0xC0,0x01,0xFF,0xC0,0x01,0xFF,0x80,
    0x00,0xFF,0xF8,0x0F,0xFF,0x00,0x00,0x7F,0xFF,0xFF,0xFE,0x00,0x00,0x1F,0xFF,0xFF,
    0xFC,0x00,0x00,0x0F,0xFF,0xFF,0xF0,0x00,0x00,0x03,0xFF,0xFF,0xC0,0x00,0x00,0x00,
    0x7F,0xFF,0x00,0x00,0x00,0x00,0x00,0x00,0x00,0x00,0x00,0x00,0x00,0x00,0x00,0x00,
    0x00,0x3F,0x00,0x00,0x00,0x00,0x00,0x00,0x3F,0x00,0x00,0x00,0x00,0x00,0x00,0x3F,
    0x00,0x00,0x00,0x00,0x00,0x00,0x3F,0x00,0x00,0x00,0x00,0x00,0x00,0x3F,0x00,0x00,
    0x00,0x00,0x00,0x00,0x3F,0x00,0x00,0x00,0x00,0x00,0x00,0x3F,0x00,0x00,0x00,0x00,
    0x00,0x00,0x3F,0x00,0x00,0x00,0x00,0x00,0x00,0x3F,0x00,0x00,0x00,0x00,0x00,0x00,
    0x3F,0x00,0x00,0x00,0x00,0x00,0x00,0x3F,0x00,0x00,0x00,0x00,0x00,0x00,0x3F,0x00,
    0x00,0x00,0x00,0x00,0x00,0x3F,0x00,0x00,0x00,0x00,0x00,0x00,0x3F,0x00,0x00,0x00,
    0x00,0x00,0x00,0x3F,0x00,0x00,0x00,0x00,0x00,0x00,0x3F,0x00,0x00,0x00,0x00,0x00,
    0x00,0x3F,0x00,0x00,0x00,0x00,0x00,0x00,0x3F,0x00,0x00,0x00,0x00,0x00,0x00,0x3F,
    0x00,0x00,0x00,0x0F,0xE0,0x00,0x3F,0x00,0x00,0x00,0xFF,0xFE,0x00,0x3F,0x00,0x00,
    0x07,0xFF,0xFF,0xC0,0x3F,0x00,0x00,0x1F,0xFF,0xFF,0xF0,0x3F,0x00,0x00,0x3F,0xFF,
    0xFF,0xF8,0x3F,0x00,0x00,0xFF,0xFF,0xFF,0xFC,0x3F,0x00,0x01,0xFF,0xE0,0x07,0xFE,
    0x3F,0x00,0x03,0xFF,0x80,0x00,0xFF,0x3F,0x00,0x07,0xFE,0x00,0x00,0x3F,0xBF,0x00,
    0x07,0xF8,0x00,0x00,0x1F,0xFF,0x00,0x0F,0xF0,0x00,0x00,0x0F,0xFF,0x00,0x1F,0xE0,
    0x00,0x00,0x07,0xFF,0x00,0x1F,0xC0,0x00,0x00,0x03,0xFF,0x00,0x3F,0xC0,0x00,0x00,
    0x01,0xFF,0x00,0x3F,0x80,0x00,0x00,0x01,0xFF,0x00,0x3F,0x80,0x00,0x00,0x00,0xFF,
    0x00,0x7F,0x00,0x00,0x00,0x00,0xFF,0x00,0x7F,0x00,0x00,0x00,0x00,0x7F,0x00,0x7E,
    0x00,0x00,0x00,0x00,0x7F,0x00,0x7E,0x00,0x00,0x00,0x00,0x7F,0x00,0xFE,0x00,0x00,
    0x00,0x00,0x7F,0x00,0xFE,0x00,0x00,0x00,0x00,0x3F,0x00,0xFE,0x00,0x00,0x00,0x00,
    0x3F,0x00,0xFE,0x00,0x00,0x00,0x00,0x3F,0x00,0xFE,0x00,0x00,0x00,0x00,0x3F,0x00,
    0xFE,0x00,0x00,0x00,0x00,0x3F,0x00,0xFE,0x00,0x00,0x00,0x00,0x3F,0x00,0xFE,0x00,
    0x00,0x00,0x00,0x3F,0x00,0xFE,0x00,0x00,0x00,0x00,0x7F,0x00,0x7E,0x00,0x00,0x00,
    0x00,0x7F,0x00,0x7F,0x00,0x00,0x00,0x00,0x7F,0x00,0x7F,0x00,0x00,0x00,0x00,0x7F,
    0x00,0x7F,0x00,0x00,0x00,0x00,0xFF,0x00,0x3F,0x80,0x00,0x00,0x00,0xFF,0x00,0x3F,
    0x80,0x00,0x00,0x01,0xFF,0x00,0x3F,0xC0,0x00,0x00,0x01,0xFF,0x00,0x1F,0xE0,0x00,
    0x00,0x03,0xFF,0x00,0x0F,0xF0,0x00,0x00,0x07,0xFF,0x00,0x0F,0xF8,0x00,0x00,0x0F,
    0xFF,0x00,0x07,0xFC,0x00,0x00,0x1F,0xBF,0x00,0x03,0xFE,0x00,0x00,0x7F,0xBF,0x00,
    0x01,0xFF,0x80,0x01,0xFF,0x3F,0x00,0x00,0xFF,0xF8,0x1F,0xFE,0x3F,0x00,0x00,0x7F,
    0xFF,0xFF,0xFC,0x3F,0x00,0x00,0x3F,0xFF,0xFF,0xF8,0x3F,0x00,0x00,0x0F,0xFF,0xFF,
    0xE0,0x3F,0x00,0x00,0x03,0xFF,0xFF,0x80,0x3F,0x00,0x00,0x00,0x7F,0xFE,0x00,0x3F,
    0x00,0x00,0x00,0x00,0x00,0x00,0x00,0x00,0x00,0x00,0x0F,0xE0,0x00,0x00,0x00,0x00,
    0xFF,0xFE,0x00,0x00,0x00,0x07,0xFF,0xFF,0xC0,0x00,0x00,0x1F,0xFF,0xFF,0xE0,0x00,
    0x00,0x3F,0xFF,0xFF,0xF8,0x00,0x00,0xFF,0xFF,0xFF,0xFC,0x00,0x01,0xFF,0xC0,0x0F,
    0xFE,0x00,0x03,0xFF,0x00,0x01,0xFF,0x00,0x07,0xFC,0x00,0x00,0x7F,0x80,0x07,0xF0,
    0x00,0x00,0x3F,0xC0,0x0F,0xE0,0x00,0x00,0x1F,0xC0,0x1F,0xC0,0x00,0x00,0x0F,0xE0,
    0x1F,0xC0,0x00,0x00,0x07,0xF0,0x3F,0x80,0x00,0x00,0x07,0xF0,0x3F,0x00,0x00,0x00,
    0x03,0xF8,0x3F,0x00,0x00,0x00,0x01,0xF8,0x7F,0x00,0x00,0x00,0x01,0xF8,0x7E,0x00,
    0x00,0x00,0x01,0xF8,0x7E,0x00,0x00,0x00,0x00,0xFC,0x7E,0x00,0x00,0x00,0x00,0xFC,
    0xFE,0x00,0x00,0x00,0x00,0xFC,0xFE,0x00,0x00,0x00,0x00,0xFC,0xFF,0xFF,0xFF,0xFF,
    0xFF,0xFC,0xFF,0xFF,0xFF,0xFF,0xFF,0xFC,0xFF,0xFF,0xFF,0xFF,0xFF,0xFC,0xFF,0xFF,
    0xFF,0xFF,0xFF,0xFC,0xFE,0x00,0x00,0x00,0x00,0x00,0xFE,0x00,0x00,0x00,0x00,0x00,
    0xFE,0x00,0x00,0x00,0x00,0x00,0x7E,0x00,0x00,0x00,0x00,0x00,0x7E,0x00,0x00,0x00,
    0x00,0x00,0x7F,0x00,0x00,0x00,0x00,0x00,0x7F,0x00,0x00,0x00,0x00,0x00,0x3F,0x00,
    0x00,0x00,0x00,0x00,0x3F,0x80,0x00,0x00,0x00,0x00,0x1F,0xC0,0x00,0x00,0x00,0x00,
    0x1F,0xC0,0x00,0x00,0x00,0x00,0x0F,0xE0,0x00,0x00,0x01,0x00,0x0F,0xF0,0x00,0x00,
    0x03,0x80,0x07,0xFC,0x00,0x00,0x0F,0xC0,0x03,0xFE,0x00,0x00,0x1F,0xE0,0x01,0xFF,
    0xC0,0x00,0x7F,0xE0,0x00,0xFF,0xFC,0x07,0xFF,0xC0,0x00,0x7F,0xFF,0xFF,0xFF,0x00,
    0x00,0x1F,0xFF,0xFF,0xFE,0x00,0x00,0x0F,0xFF,0xFF,0xF8,0x00,0x00,0x03,0xFF,0xFF,
    0xE0,0x00,0x00,0x00,0x7F,0xFF,0x00,0x00,0x00,0x00,0x00,0x00,0x00,0x00,0x00,0x00,
    0x00,0x00,0x00,0x00,0x00,0x00,0x00,0x3F,0xF8,0x00,0x00,0x00,0xFF,0xFE,0x00,0x00,
    0x03,0xFF,0xFF,0x00,0x00,0x07,0xFF,0xFF,0x00,0x00,0x0F,0xFF,0xFF,0x00,0x00,0x1F,
    0xF8,0x3F,0x00,0x00,0x1F,0xE0,0x06,0x00,0x00,0x3F,0x80,0x00,0x00,0x00,0x3F,0x80,
    0x00,0x00,0x00,0x7F,0x00,0x00,0x00,0x00,0x7F,0x00,0x00,0x00,0x00,0x7E,0x00,0x00,
    0x00,0x00,0x7E,0x00,0x00,0x00,0x00,0x7E,0x00,0x00,0x00,0x00,0x7E,0x00,0x00,0x00,
    0x00,0x7E,0x00,0x00,0x00,0x00,0x7E,0x00,0x00,0x00,0x00,0x7E,0x00,0x00,0x00,0x00,
    0x7E,0x00,0x00,0x00,0x00,0x7E,0x00,0x00,0x00,0x7F,0xFF,0xFF,0xFC,0x00,0x7F,0xFF,
    0xFF,0xFC,0x00,0x7F,0xFF,0xFF,0xFC,0x00,0x7F,0xFF,0xFF,0xFC,0x00,0x7F,0xFF,0xFF,
    0xFC,0x00,0x00,0x7E,0x00,0x00,0x00,0x00,0x7E,0x00,0x00,0x00,0x00,0x7E,0x00,0x00,
    0x00,0x00,0x7E,0x00,0x00,0x00,0x00,0x7E,0x00,0x00,0x00,0x00,0x7E,0x00,0x00,0x00,
    0x00,0x7E,0x00,0x00,0x00,0x00,0x7E,0x00,0x00,0x00,0x00,0x7E,0x00,0x00,0x00,0x00,
    0x7E,0x00,0x00,0x00,0x00,0x7E,0x00,0x00,0x00,0x00,0x7E,0x00,0x00,0x00,0x00,0x7E,
    0x00,0x00,0x00,0x00,0x7E,0x00,0x00,0x00,0x00,0x7E,0x00,0x00,0x00,0x00,0x7E,0x00,
    0x00,0x00,0x00,0x7E,0x00,0x00,0x00,0x00,0x7E,0x00,0x00,0x00,0x00,0x7E,0x00,0x00,
    0x00,0x00,0x7E,0x00,0x00,0x00,0x00,0x7E,0x00,0x00,0x00,0x00,0x7E,0x00,0x00,0x00,
    0x00,0x7E,0x00,0x00,0x00,0x00,0x7E,0x00,0x00,0x00,0x00,0x7E,0x00,0x00,0x00,0x00,
    0x7E,0x00,0x00,0x00,0x00,0x7E,0x00,0x00,0x00,0x00,0x7E,0x00,0x00,0x00,0x00,0x7E,
    0x00,0x00,0x00,0x00,0x7E,0x00,0x00,0x00,0x00,0x7E,0x00,0x00,0x00,0x00,0x7E,0x00,
    0x00,0x00,0x00,0x7E,0x00,0x00,0x00,0x00,0x7E,0x00,0x00,0x00,0x00,0x7E,0x00,0x00,
    0x00,0x00,0x7E,0x00,0x00,0x00,0x00,0x7E,0x00,0x00,0x00,0x00,0x7E,0x00,0x00,0x00,
    0x00,0x7E,0x00,0x00,0x00,0x00,0x7E,0x00,0x00,0x00,0x00,0x7E,0x00,0x00,0x00,0x00,
    0x7E,0x00,0x00,0x00,0x00,0x00,0x0F,0xE0,0x00,0x00,0x00,0x00,0x00,0xFF,0xFF,0x00,
    0x1F,0x80,0x00,0x07,0xFF,0xFF,0xC0,0x1F,0x80,0x00,0x1F,0xFF,0xFF,0xF0,0x1F,0x80,
    0x00,0x3F,0xFF,0xFF,0xFC,0x1F,0x80,0x00,0xFF,0xFF,0xFF,0xFE,0x1F,0x80,0x01,0xFF,
    0xE0,0x03,0xFF,0x1F,0x80,0x03,0xFF,0x80,0x00,0x7F,0x9F,0x80,0x07,0xFE,0x00,0x00,
    0x3F,0xDF,0x80,0x0F,0xF8,0x00,0x00,0x0F,0xFF,0x80,0x0F,0xF0,0x00,0x00,0x07,0xFF,
    0x80,0x1F,0xE0,0x00,0x00,0x03,0xFF,0x80,0x1F,0xC0,0x00,0x00,0x01,0xFF,0x80,0x3F,
    0x80,0x00,0x00,0x00,0xFF,0x80,0x3F,0x80,0x00,0x00,0x00,0xFF,0x80,0x7F,0x00,0x00,
    0x00,0x00,0x7F,0x80,0x7F,0x00,0x00,0x00,0x00,0x7F,0x80,0x7E,0x00,0x00,0x00,0x00,
    0x3F,0x80,0x7E,0x00,0x00,0x00,0x00,0x3F,0x80,0xFE,0x00,0x00,0x00,0x00,0x3F,0x80,
    0xFE,0x00,0x00,0x00,0x00,0x3F,0x80,0xFE,0x00,0x00,0x00,0x00,0x3F,0x80,0xFE,0x00,
    0x00,0x00,0x00,0x1F,0x80,0xFE,0x00,0x00,0x00,0x00,0x1F,0x80,0xFE,0x00,0x00,0x00,
    0x00,0x3F,0x80,0xFE,0x00,0x00,0x00,0x00,0x3F,0x80,0xFE,0x00,0x00,0x00,0x00,0x3F,
    0x80,0xFE,0x00,0x00,0x00,0x00,0x3F,0x80,0x7E,0x00,0x00,0x00,0x00,0x3F,0x80,0x7F,
    0x00,0x00,0x00,0x00,0x7F,0x80,0x7F,0x00,0x00,0x00,0x00,0x7F,0x80,0x3F,0x80,0x00,
    0x00,0x00,0x7F,0x80,0x3F,0x80,0x00,0x00,0x00,0xFF,0x80,0x3F,0xC0,0x00,0x00,0x01,
    0xFF,0x80,0x1F,0xE0,0x00,0x00,0x01,0xFF,0x80,0x1F,0xE0,0x00,0x00,0x03,0xFF,0x80,
    0x0F,0xF8,0x00,0x00,0x0F,0xFF,0x80,0x07,0xFC,0x00,0x00,0x1F,0xFF,0x80,0x03,0xFF,
    0x00,0x00,0x7F,0xBF,0x80,0x01,0xFF,0xC0,0x01,0xFF,0x3F,0x80,0x00,0xFF,0xFF,0x7F,
    0xFE,0x3F,0x80,0x00,0x7F,0xFF,0xFF,0xFC,0x3F,0x80,0x00,0x3F,0xFF,0xFF,0xF8,0x3F,
    0x80,0x00,0x0F,0xFF,0xFF,0xE0,0x3F,0x80,0x00,0x03,0xFF,0xFF,0x80,0x3F,0x80,0x00,
    0x00,0x3F,0xFC,0x00,0x3F,0x80,0x00,0x00,0x00,0x00,0x00,0x3F,0x80,0x00,0x00,0x00,
    0x00,0x00,0x3F,0x00,0x00,0x00,0x00,0x00,0x00,0x3F,0x00,0x00,0x00,0x00,0x00,0x00,
    0x3F,0x00,0x00,0x00,0x00,0x00,0x00,0x7F,0x00,0x00,0x00,0x00,0x00,0x00,0x7F,0x00,
    0x00,0x00,0x00,0x00,0x00,0x7E,0x00,0x00,0x00,0x00,0x00,0x00,0xFE,0x00,0x02,0x00,
    0x00,0x00,0x01,0xFE,0x00,0x07,0x80,0x00,0x00,0x01,0xFC,0x00,0x0F,0xC0,0x00,0x00,
    0x03,0xFC,0x00,0x0F,0xF0,0x00,0x00,0x0F,0xF8,0x00,0x1F,0xFE,0x00,0x00,0x3F,0xF0,
    0x00,0x0F,0xFF,0xC0,0x00,0xFF,0xE0,0x00,0x07,0xFF,0xFF,0xFF,0xFF,0xC0,0x00,0x01,
    0xFF,0xFF,0xFF,0xFF,0x80,0x00,0x00,0x7F,0xFF,0xFF,0xFF,0x00,0x00,0x00,0x1F,0xFF,
    0xFF,0xFC,0x00,0x00,0x00,0x03,0xFF,0xFF,0xE0,0x00,0x00,0x00,0x00,0x1F,0xFE,0x00,
    0x00,0x00,0x00,0x00,0x7E,0x00,0x00,0x00,0x00,0x00,0x7E,0x00,0x00,0x00,0x00,0x00,
    0x7E,0x00,0x00,0x00,0x00,0x00,0x7E,0x00,0x00,0x00,0x00,0x00,0x7E,0x00,0x00,0x00,
    0x00,0x00,0x7E,0x00,0x00,0x00,0x00,0x00,0x7E,0x00,0x00,0x00,0x00,0x00,0x7E,0x00,
    0x00,0x00,0x00,0x00,0x7E,0x00,0x00,0x00,0x00,0x00,0x7E,0x00,0x00,0x00,0x00,0x00,
    0x7E,0x00,0x00,0x00,0x00,0x00,0x7E,0x00,0x00,0x00,0x00,0x00,0x7E,0x00,0x00,0x00,
    0x00,0x00,0x7E,0x00,0x00,0x00,0x00,0x00,0x7E,0x00,0x00,0x00,0x00,0x00,0x7E,0x00,
    0x00,0x00,0x00,0x00,0x7E,0x00,0x00,0x00,0x00,0x00,0x7E,0x00,0x00,0x00,0x00,0x00,
    0x7E,0x00,0x00,0x00,0x00,0x00,0x7E,0x00,0x03,0xF0,0x00,0x00,0x7E,0x00,0x7F,0xFF,
    0x80,0x00,0x7E,0x01,0xFF,0xFF,0xE0,0x00,0x7E,0x07,0xFF,0xFF,0xF8,0x00,0x7E,0x1F,
    0xFF,0xFF,0xFC,0x00,0x7E,0x3F,0xFF,0xFF,0xFE,0x00,0x7E,0x7F,0xF0,0x0F,0xFF,0x00,
    0x7E,0xFF,0x00,0x01,0xFF,0x80,0x7F,0xFC,0x00,0x00,0x7F,0xC0,0x7F,0xF8,0x00,0x00,
    0x3F,0xC0,0x7F,0xF0,0x00,0x00,0x1F,0xE0,0x7F,0xE0,0x00,0x00,0x0F,0xE0,0x7F,0xC0,
    0x00,0x00,0x0F,0xE0,0x7F,0xC0,0x00,0x00,0x07,0xF0,0x7F,0x80,0x00,0x00,0x07,0xF0,
    0x7F,0x80,0x00,0x00,0x07,0xF0,0x7F,0x00,0x00,0x00,0x03,0xF0,0x7F,0x00,0x00,0x00,
    0x03,0xF0,0x7F,0x00,0x00,0x00,0x03,0xF0,0x7F,0x00,0x00,0x00,0x03,0xF0,0x7E,0x00,
    0x00,0x00,0x03,0xF0,0x7E,0x00,0x00,0x00,0x03,0xF0,0x7E,0x00,0x00,0x00,0x03,0xF0,
    0x7E,0x00,0x00,0x00,0x03,0xF0,0x7E,0x00,0x00,0x00,0x03,0xF0,0x7E,0x00,0x00,0x00,
    0x03,0xF0,0x7E,0x00,0x00,0x00,0x03,0xF0,0x7E,0x00,0x00,0x00,0x03,0xF0,0x7E,0x00,
    0x00,0x00,0x03,0xF0,0x7E,0x00,0x00,0x00,0x03,0xF0,0x7E,0x00,0x00,0x00,0x03,0xF0,
    0x7E,0x00,0x00,0x00,0x03,0xF0,0x7E,0x00,0x00,0x00,0x03,0xF0,0x7E,0x00,0x00,0x00,
    0x03,0xF0,0x7E,0x00,0x00,0x00,0x03,0xF0,0x7E,0x00,0x00,0x00,0x03,0xF0,0x7E,0x00,
    0x00,0x00,0x03,0xF0,0x7E,0x00,0x00,0x00,0x03,0xF0,0x7E,0x00,0x00,0x00,0x03,0xF0,
    0x7E,0x00,0x00,0x00,0x03,0xF0,0x7E,0x00,0x00,0x00,0x03,0xF0,0x7E,0x00,0x00,0x00,
    0x03,0xF0,0x7E,0x00,0x00,0x00,0x03,0xF0,0x7E,0x00,0x00,0x00,0x03,0xF0,0x7E,0x00,
    0x00,0x00,0x03,0xF0,0x7E,0x00,0x00,0x00,0x03,0xF0,0x7E,0x00,0x00,0x00,0x03,0xF0,
    0x7E,0x00,0x00,0x00,0x03,0xF0,0x00,0x00,0x1E,0x00,0x3F,0x00,0x7F,0x80,0x7F,0xC0,
    0xFF,0xC0,0x7F,0xC0,0x7F,0x80,0x7F,0x80,0x3F,0x00,0x00,0x00,0x00,0x00,0x00,0x00,
    0x00,0x00,0x00,0x00,0x00,0x00,0x00,0x00,0x00,0x00,0x00,0x00,0x00,0x00,0x00,0x00,
    0x3F,0x00,0x3F,0x00,0x3F,0x00,0x3F,0x00,0x3F,0x00,0x3F,0x00,0x3F,0x00,0x3F,0x00,
    0x3F,0x00,0x3F,0x00,0x3F,0x00,0x3F,0x00,0x3F,0x00,0x3F,0x00,0x3F,0x00,0x3F,0x00,
    0x3F,0x00,0x3F,0x00,0x3F,0x00,0x3F,0x00,0x3F,0x00,0x3F,0x00,0x3F,0x00,0x3F,0x00,
    0x3F,0x00,0x3F,0x00,0x3F,0x00,0x3F,0x00,0x3F,0x00,0x3F,0x00,0x3F,0x00,0x3F,0x00,
    0x3F,0x00,0x3F,0x00,0x3F,0x00,0x3F,0x00,0x3F,0x00,0x3F,0x00,0x3F,0x00,0x3F,0x00,
    0x3F,0x00,0x3F,0x00,0x3F,0x00,0x3F,0x00,0x3F,0x00,0x3F,0x00,0x3F,0x00,0x00,0x00,
    0x00,0x00,0x0E,0x00,0x00,0x00,0x3F,0x80,0x00,0x00,0x7F,0xC0,0x00,0x00,0x7F,0xC0,
    0x00,0x00,0x7F,0xC0,0x00,0x00,0x7F,0xC0,0x00,0x00,0x7F,0xC0,0x00,0x00,0x3F,0x80,
    0x00,0x00,0x1F,0x00,0x00,0x00,0x00,0x00,0x00,0x00,0x00,0x00,0x00,0x00,0x00,0x00,
    0x00,0x00,0x00,0x00,0x00,0x00,0x00,0x00,0x00,0x00,0x00,0x00,0x00,0x00,0x00,0x00,
    0x00,0x00,0x00,0x00,0x00,0x00,0x00,0x00,0x00,0x00,0x00,0x00,0x00,0x00,0x00,0x00,
    0x00,0x00,0x3F,0x80,0x00,0x00,0x3F,0x80,0x00,0x00,0x3F,0x80,0x00,0x00,0x3F,0x80,
    0x00,0x00,0x3F,0x80,0x00,0x00,0x3F,0x80,0x00,0x00,0x3F,0x80,0x00,0x00,0x3F,0x80,
    0x00,0x00,0x3F,0x80,0x00,0x00,0x3F,0x80,0x00,0x00,0x3F,0x80,0x00,0x00,0x3F,0x80,
    0x00,0x00,0x3F,0x80,0x00,0x00,0x3F,0x80,0x00,0x00,0x3F,0x80,0x00,0x00,0x3F,0x80,
    0x00,0x00,0x3F,0x80,0x00,0x00,0x3F,0x80,0x00,0x00,0x3F,0x80,0x00,0x00,0x3F,0x80,
    0x00,0x00,0x3F,0x80,0x00,0x00,0x3F,0x80,0x00,0x00,0x3F,0x80,0x00,0x00,0x3F,0x80,
    0x00,0x00,0x3F,0x80,0x00,0x00,0x3F,0x80,0x00,0x00,0x3F,0x80,0x00,0x00,0x3F,0x80,
    0x00,0x00,0x3F,0x80,0x00,0x00,0x3F,0x80,0x00,0x00,0x3F,0x80,0x00,0x00,0x3F,0x80,
    0x00,0x00,0x3F,0x80,0x00,0x00,0x3F,0x80,0x00,0x00,0x3F,0x80,0x00,0x00,0x3F,0x80,
    0x00,0x00,0x3F,0x80,0x00,0x00,0x3F,0x80,0x00,0x00,0x3F,0x80,0x00,0x00,0x3F,0x80,
    0x00,0x00,0x3F,0x80,0x00,0x00,0x3F,0x80,0x00,0x00,0x3F,0x80,0x00,0x00,0x3F,0x80,
    0x00,0x00,0x3F,0x80,0x00,0x00,0x3F,0x80,0x00,0x00,0x3F,0x80,0x00,0x00,0x3F,0x80,
    0x00,0x00,0x3F,0x80,0x00,0x00,0x3F,0x80,0x00,0x00,0x3F,0x80,0x00,0x00,0x3F,0x80,
    0x00,0x00,0x3F,0x80,0x00,0x00,0x3F,0x80,0x00,0x00,0x3F,0x00,0x00,0x00,0x7F,0x00,
    0x00,0x00,0x7F,0x00,0x10,0x00,0xFE,0x00,0x3C,0x01,0xFE,0x00,0x3F,0xFF,0xFC,0x00,
    0x3F,0xFF,0xFC,0x00,0x7F,0xFF,0xF8,0x00,0x3F,0xFF,0xE0,0x00,0x0F,0xFF,0xC0,0x00,
    0x01,0xFE,0x00,0x00,0x7E,0x00,0x00,0x00,0x00,0x00,0x7E,0x00,0x00,0x00,0x00,0x00,
    0x7E,0x00,0x00,0x00,0x00,0x00,0x7E,0x00,0x00,0x00,0x00,0x00,0x7E,0x00,0x00,0x00,
    0x00,0x00,0x7E,0x00,0x00,0x00,0x00,0x00,0x7E,0x00,0x00,0x00,0x00,0x00,0x7E,0x00,
    0x00,0x00,0x00,0x00,0x7E,0x00,0x00,0x00,0x00,0x00,0x7E,0x00,0x00,0x00,0x00,0x00,
    0x7E,0x00,0x00,0x00,0x00,0x00,0x7E,0x00,0x00,0x00,0x00,0x00,0x7E,0x00,0x00,0x00,
    0x00,0x00,0x7E,0x00,0x00,0x00,0x00,0x00,0x7E,0x00,0x00,0x00,0x00,0x00,0x7E,0x00,
    0x00,0x00,0x00,0x00,0x7E,0x00,0x00,0x00,0x00,0x00,0x7E,0x00,0x00,0x00,0x00,0x00,
    0x7E,0x00,0x00,0x00,0x00,0x00,0x7E,0x00,0x00,0x00,0x00,0x00,0x7E,0x00,0x00,0x00,
    0x1F,0xE0,0x7E,0x00,0x00,0x00,0x3F,0xC0,0x7E,0x00,0x00,0x00,0x7F,0x80,0x7E,0x00,
    0x00,0x01,0xFE,0x00,0x7E,0x00,0x00,0x03,0xFC,0x00,0x7E,0x00,0x00,0x07,0xF8,0x00,
    0x7E,0x00,0x00,0x0F,0xF0,0x00,0x7E,0x00,0x00,0x1F,0xE0,0x00,0x7E,0x00,0x00,0x3F,
    0xC0,0x00,0x7E,0x00,0x00,0x7F,0x80,0x00,0x7E,0x00,0x00,0xFF,0x00,0x00,0x7E,0x00,
    0x01,0xFE,0x00,0x00,0x7E,0x00,0x03,0xFC,0x00,0x00,0x7E,0x00,0x0F,0xF8,0x00,0x00,
    0x7E,0x00,0x1F,0xF0,0x00,0x00,0x7E,0x00,0x3F,0xE0,0x00,0x00,0x7E,0x00,0x7F,0xC0,
    0x00,0x00,0x7E,0x00,0xFF,0x80,0x00,0x00,0x7E,0x01,0xFF,0x00,0x00,0x00,0x7E,0x03,
    0xFF,0x00,0x00,0x00,0x7E,0x07,0xFF,0x00,0x00,0x00,0x7E,0x0F,0xFF,0x80,0x00,0x00,
    0x7E,0x1F,0xFF,0xC0,0x00,0x00,0x7E,0x7F,0xFF,0xE0,0x00,0x00,0x7E,0xFF,0x9F,0xF0,
    0x00,0x00,0x7F,0xFF,0x0F,0xF0,0x00,0x00,0x7F,0xFE,0x07,0xF8,0x00,0x00,0x7F,0xFC,
    0x03,0xFC,0x00,0x00,0x7F,0xF8,0x01,0xFE,0x00,0x00,0x7F,0xF0,0x01,0xFE,0x00,0x00,
    0x7F,0xE0,0x00,0xFF,0x00,0x00,0x7F,0x80,0x00,0x7F,0x80,0x00,0x7F,0x00,0x00,0x3F,
    0xC0,0x00,0x7E,0x00,0x00,0x1F,0xE0,0x00,0x7E,0x00,0x00,0x0F,0xE0,0x00,0x7E,0x00,
    0x00,0x0F,0xF0,0x00,0x7E,0x00,0x00,0x07,0xF8,0x00,0x7E,0x00,0x00,0x03,0xFC,0x00,
    0x7E,0x00,0x00,0x01,0xFE,0x00,0x7E,0x00,0x00,0x00,0xFE,0x00,0x7E,0x00,0x00,0x00,
    0xFF,0x00,0x7E,0x00,0x00,0x00,0x7F,0x80,0x7E,0x00,0x00,0x00,0x3F,0xC0,0x7E,0x00,
    0x00,0x00,0x1F,0xE0,0x7E,0x00,0x00,0x00,0x0F,0xE0,0x7E,0x00,0x00,0x00,0x0F,0xF0,
    0x7E,0x00,0x00,0x00,0x07,0xF8,0x00,0x00,0x7E,0x7E,0x7E,0x7E,0x7E,0x7E,0x7E,0x7E,
    0x7E,0x7E,0x7E,0x7E,0x7E,0x7E,0x7E,0x7E,0x7E,0x7E,0x7E,0x7E,0x7E,0x7E,0x7E,0x7E,
    0x7E,0x7E,0x7E,0x7E,0x7E,0x7E,0x7E,0x7E,0x7E,0x7E,0x7E,0x7E,0x7E,0x7E,0x7E,0x7E,
    0x7E,0x7E,0x7E,0x7E,0x7E,0x7E,0x7E,0x7E,0x7E,0x7E,0x7E,0x7E,0x7E,0x7E,0x7E,0x7E,
    0x7E,0x7E,0x7E,0x7E,0x7E,0x7E,0x7E,0x7E,0x7E,0x7E,0x7E,0x00,0x00,0x00,0x07,0xF0,
    0x00,0x00,0x00,0x7E,0x00,0x00,0x7E,0x00,0x7F,0xFF,0x00,0x00,0x0F,0xFF,0xF0,0x00,
    0x7E,0x03,0xFF,0xFF,0xC0,0x00,0x3F,0xFF,0xFC,0x00,0x7E,0x07,0xFF,0xFF,0xF0,0x00,
    0xFF,0xFF,0xFF,0x00,0x7E,0x1F,0xFF,0xFF,0xF8,0x03,0xFF,0xFF,0xFF,0x80,0x7E,0x3F,
    0xFF,0xFF,0xFC,0x07,0xFF,0xFF,0xFF,0xC0,0x7E,0x7F,0xE0,0x1F,0xFE,0x0F,0xFE,0x01,
    0xFF,0xE0,0x7E,0xFF,0x00,0x03,0xFF,0x1F,0xF0,0x00,0x3F,0xF0,0x7F,0xFC,0x00,0x00,
    0xFF,0x3F,0xC0,0x00,0x1F,0xF0,0x7F,0xF8,0x00,0x00,0x7F,0xBF,0x80,0x00,0x07,0xF8,
    0x7F,0xF0,0x00,0x00,0x3F,0xFF,0x00,0x00,0x03,0xF8,0x7F,0xE0,0x00,0x00,0x3F,0xFE,
    0x00,0x00,0x03,0xFC,0x7F,0xC0,0x00,0x00,0x1F,0xFC,0x00,0x00,0x01,0xFC,0x7F,0x80,
    0x00,0x00,0x1F,0xF8,0x00,0x00,0x01,0xFC,0x7F,0x80,0x00,0x00,0x0F,0xF8,0x00,0x00,
    0x00,0xFC,0x7F,0x80,0x00,0x00,0x0F,0xF0,0x00,0x00,0x00,0xFE,0x7F,0x00,0x00,0x00,
    0x0F,0xF0,0x00,0x00,0x00,0xFE,0x7F,0x00,0x00,0x00,0x07,0xF0,0x00,0x00,0x00,0xFE,
    0x7F,0x00,0x00,0x00,0x07,0xF0,0x00,0x00,0x00,0xFE,0x7F,0x00,0x00,0x00,0x07,0xE0,
    0x00,0x00,0x00,0x7E,0x7E,0x00,0x00,0x00,0x07,0xE0,0x00,0x00,0x00,0x7E,0x7E,0x00,
    0x00,0x00,0x07,0xE0,0x00,0x00,0x00,0x7E,0x7E,0x00,0x00,0x00,0x07,0xE0,0x00,0x00,
    0x00,0x7E,0x7E,0x00,0x00,0x00,0x07,0xE0,0x00,0x00,0x00,0x7E,0x7E,0x00,0x00,0x00,
    0x07,0xE0,0x00,0x00,0x00,0x7E,0x7E,0x00,0x00,0x00,0x07,0xE0,0x00,0x00,0x00,0x7E,
    0x7E,0x00,0x00,0x00,0x07,0xE0,0x00,0x00,0x00,0x7E,0x7E,0x00,0x00,0x00,0x07,0xE0,
    0x00,0x00,0x00,0x7E,0x7E,0x00,0x00,0x00,0x07,0xE0,0x00,0x00,0x00,0x7E,0x7E,0x00,
    0x00,0x00,0x07,0xE0,0x00,0x00,0x00,0x7E,0x7E,0x00,0x00,0x00,0x07,0xE0,0x00,0x00,
    0x00,0x7E,0x7E,0x00,0x00,0x00,0x07,0xE0,0x00,0x00,0x00,0x7E,0x7E,0x00,0x00,0x00,
    0x07,0xE0,0x00,0x00,0x00,0x7E,0x7E,0x00,0x00,0x00,0x07,0xE0,0x00,0x00,0x00,0x7E,
    0x7E,0x00,0x00,0x00,0x07,0xE0,0x00,0x00,0x00,0x7E,0x7E,0x00,0x00,0x00,0x07,0xE0,
    0x00,0x00,0x00,0x7E,0x7E,0x00,0x00,0x00,0x07,0xE0,0x00,0x00,0x00,0x7E,0x7E,0x00,
    0x00,0x00,0x07,0xE0,0x00,0x00,0x00,0x7E,0x7E,0x00,0x00,0x00,0x07,0xE0,0x00,0x00,
    0x00,0x7E,0x7E,0x00,0x00,0x00,0x07,0xE0,0x00,0x00,0x00,0x7E,0x7E,0x00,0x00,0x00,
    0x07,0xE0,0x00,0x00,0x00,0x7E,0x7E,0x00,0x00,0x00,0x07,0xE0,0x00,0x00,0x00,0x7E,
    0x7E,0x00,0x00,0x00,0x07,0xE0,0x00,0x00,0x00,0x7E,0x7E,0x00,0x00,0x00,0x07,0xE0,
    0x00,0x00,0x00,0x7E,0x7E,0x00,0x00,0x00,0x07,0xE0,0x00,0x00,0x00,0x7E,0x7E,0x00,
    0x00,0x00,0x07,0xE0,0x00,0x00,0x00,0x7E,0x7E,0x00,0x00,0x00,0x07,0xE0,0x00,0x00,
    0x00,0x7E,0x7E,0x00,0x00,0x00,0x07,0xE0,0x00,0x00,0x00,0x7E,0x00,0x00,0x03,0xF0,
    0x00,0x00,0x7E,0x00,0x7F,0xFF,0x80,0x00,0x7E,0x01,0xFF,0xFF,0xE0,0x00,0x7E,0x07,
    0xFF,0xFF,0xF8,0x00,0x7E,0x1F,0xFF,0xFF,0xFC,0x00,0x7E,0x3F,0xFF,0xFF,0xFE,0x00,
    0x7E,0x7F,0xF0,0x0F,0xFF,0x00,0x7E,0xFF,0x00,0x01,0xFF,0x80,0x7E,0xFC,0x00,0x00,
    0x7F,0xC0,0x7F,0xF8,0x00,0x00,0x3F,0xC0,0x7F,0xF0,0x00,0x00,0x1F,0xE0,0x7F,0xE0,
    0x00,0x00,0x0F,0xE0,0x7F,0xC0,0x00,0x00,0x0F,0xE0,0x7F,0xC0,0x00,0x00,0x07,0xF0,
    0x7F,0x80,0x00,0x00,0x07,0xF0,0x7F,0x80,0x00,0x00,0x07,0xF0,0x7F,0x00,0x00,0x00,
    0x03,0xF0,0x7F,0x00,0x00,0x00,0x03,0xF0,0x7F,0x00,0x00,0x00,0x03,0xF0,0x7F,0x00,
    0x00,0x00,0x03,0xF0,0x7E,0x00,0x00,0x00,0x03,0xF0,0x7E,0x00,0x00,0x00,0x03,0xF0,
    0x7E,0x00,0x00,0x00,0x03,0xF0,0x7E,0x00,0x00,0x00,0x03,0xF0,0x7E,0x00,0x00,0x00,
    0x03,0xF0,0x7E,0x00,0x00,0x00,0x03,0xF0,0x7E,0x00,0x00,0x00,0x03,0xF0,0x7E,0x00,
    0x00,0x00,0x03,0xF0,0x7E,0x00,0x00,0x00,0x03,0xF0,0x7E,0x00,0x00,0x00,0x03,0xF0,
    0x7E,0x00,0x00,0x00,0x03,0xF0,0x7E,0x00,0x00,0x00,0x03,0xF0,0x7E,0x00,0x00,0x00,
    0x03,0xF0,0x7E,0x00,0x00,0x00,0x03,0xF0,0x7E,0x00,0x00,0x00,0x03,0xF0,0x7E,0x00,
    0x00,0x00,0x03,0xF0,0x7E,0x00,0x00,0x00,0x03,0xF0,0x7E,0x00,0x00,0x00,0x03,0xF0,
    0x7E,0x00,0x00,0x00,0x03,0xF0,0x7E,0x00,0x00,0x00,0x03,0xF0,0x7E,0x00,0x00,0x00,
    0x03,0xF0,0x7E,0x00,0x00,0x00,0x03,0xF0,0x7E,0x00,0x00,0x00,0x03,0xF0,0x7E,0x00,
    0x00,0x00,0x03,0xF0,0x7E,0x00,0x00,0x00,0x03,0xF0,0x7E,0x00,0x00,0x00,0x03,0xF0,
    0x7E,0x00,0x00,0x00,0x03,0xF0,0x7E,0x00,0x00,0x00,0x03,0xF0,0x00,0x00,0x07,0xF0,
    0x00,0x00,0x00,0x00,0x00,0xFF,0xFF,0x00,0x00,0x00,0x00,0x03,0xFF,0xFF,0xE0,0x00,
    0x00,0x00,0x0F,0xFF,0xFF,0xF8,0x00,0x00,0x00,0x3F,0xFF,0xFF,0xFC,0x00,0x00,0x00,
    0x7F,0xFF,0xFF,0xFF,0x00,0x00,0x00,0xFF,0xE0,0x07,0xFF,0x80,0x00,0x01,0xFF,0x80,
    0x00,0xFF,0xC0,0x00,0x03,0xFE,0x00,0x00,0x3F,0xE0,0x00,0x07,0xF8,0x00,0x00,0x1F,
    0xF0,0x00,0x0F,0xF0,0x00,0x00,0x0F,0xF0,0x00,0x1F,0xE0,0x00,0x00,0x07,0xF8,0x00,
    0x1F,0xC0,0x00,0x00,0x03,0xFC,0x00,0x3F,0xC0,0x00,0x00,0x01,0xFC,0x00,0x3F,0x80,
    0x00,0x00,0x01,0xFC,0x00,0x3F,0x80,0x00,0x00,0x00,0xFE,0x00,0x7F,0x00,0x00,0x00,
    0x00,0xFE,0x00,0x7F,0x00,0x00,0x00,0x00,0x7E,0x00,0x7E,0x00,0x00,0x00,0x00,0x7F,
    0x00,0x7E,0x00,0x00,0x00,0x00,0x7F,0x00,0xFE,0x00,0x00,0x00,0x00,0x7F,0x00,0xFE,
    0x00,0x00,0x00,0x00,0x3F,0x00,0xFE,0x00,0x00,0x00,0x00,0x3F,0x00,0xFE,0x00,0x00,
    0x00,0x00,0x3F,0x00,0xFE,0x00,0x00,0x00,0x00,0x3F,0x00,0xFE,0x00,0x00,0x00,0x00,
    0x3F,0x00,0xFE,0x00,0x00,0x00,0x00,0x3F,0x00,0xFE,0x00,0x00,0x00,0x00,0x3F,0x00,
    0xFE,0x00,0x00,0x00,0x00,0x7F,0x00,0x7E,0x00,0x00,0x00,0x00,0x7F,0x00,0x7F,0x00,
    0x00,0x00,0x00,0x7F,0x00,0x7F,0x00,0x00,0x00,0x00,0x7E,0x00,0x7F,0x00,0x00,0x00,
    0x00,0xFE,0x00,0x3F,0x80,0x00,0x00,0x00,0xFE,0x00,0x3F,0x80,0x00,0x00,0x01,0xFC,
    0x00,0x1F,0xC0,0x00,0x00,0x01,0xFC,0x00,0x1F,0xE0,0x00,0x00,0x03,0xF8,0x00,0x0F,
    0xF0,0x00,0x00,0x07,0xF8,0x00,0x0F,0xF8,0x00,0x00,0x0F,0xF0,0x00,0x07,0xFC,0x00,
    0x00,0x1F,0xE0,0x00,0x03,0xFE,0x00,0x00,0x7F,0xE0,0x00,0x01,0xFF,0x80,0x01,0xFF,
    0xC0,0x00,0x00,0xFF,0xF8,0x0F,0xFF,0x80,0x00,0x00,0x7F,0xFF,0xFF,0xFE,0x00,0x00,
    0x00,0x1F,0xFF,0xFF,0xFC,0x00,0x00,0x00,0x0F,0xFF,0xFF,0xF0,0x00,0x00,0x00,0x03,
    0xFF,0xFF,0xC0,0x00,0x00,0x00,0x00,0x7F,0xFE,0x00,0x00,0x00,0x00,0x00,0x00,0x00,
    0x00,0x00,0x00,0x00,0x00,0x00,0x03,0xF8,0x00,0x00,0x00,0x7E,0x00,0x3F,0xFF,0x80,
    0x00,0x00,0x7E,0x01,0xFF,0xFF,0xF0,0x00,0x00,0x7E,0x07,0xFF,0xFF,0xFC,0x00,0x00,
    0x7E,0x0F,0xFF,0xFF,0xFE,0x00,0x00,0x7E,0x1F,0xFF,0xFF,0xFF,0x80,0x00,0x7E,0x3F,
    0xF0,0x03,0xFF,0xC0,0x00,0x7E,0x7F,0x80,0x00,0xFF,0xE0,0x00,0x7E,0xFE,0x00,0x00,
    0x3F,0xF0,0x00,0x7F,0xFC,0x00,0x00,0x0F,0xF0,0x00,0x7F,0xF8,0x00,0x00,0x07,0xF8,
    0x00,0x7F,0xF0,0x00,0x00,0x03,0xFC,0x00,0x7F,0xE0,0x00,0x00,0x01,0xFC,0x00,0x7F,
    0xC0,0x00,0x00,0x01,0xFE,0x00,0x7F,0xC0,0x00,0x00,0x00,0xFE,0x00,0x7F,0x80,0x00,
    0x00,0x00,0x7E,0x00,0x7F,0x80,0x00,0x00,0x00,0x7F,0x00,0x7F,0x00,0x00,0x00,0x00,
    0x7F,0x00,0x7F,0x00,0x00,0x00,0x00,0x3F,0x00,0x7F,0x00,0x00,0x00,0x00,0x3F,0x00,
    0x7F,0x00,0x00,0x00,0x00,0x3F,0x80,0x7E,0x00,0x00,0x00,0x00,0x3F,0x80,0x7E,0x00,
    0x00,0x00,0x00,0x3F,0x80,0x7E,0x00,0x00,0x00,0x00,0x3F,0x80,0x7E,0x00,0x00,0x00,
    0x00,0x3F,0x80,0x7E,0x00,0x00,0x00,0x00,0x3F,0x80,0x7E,0x00,0x00,0x00,0x00,0x3F,
    0x80,0x7E,0x00,0x00,0x00,0x00,0x3F,0x80,0x7F,0x00,0x00,0x00,0x00,0x3F,0x80,0x7F,
    0x00,0x00,0x00,0x00,0x3F,0x00,0x7F,0x00,0x00,0x00,0x00,0x3F,0x00,0x7F,0x00,0x00,
    0x00,0x00,0x7F,0x00,0x7F,0x80,0x00,0x00,0x00,0x7F,0x00,0x7F,0x80,0x00,0x00,0x00,
    0xFE,0x00,0x7F,0xC0,0x00,0x00,0x00,0xFE,0x00,0x7F,0xC0,0x00,0x00,0x01,0xFE,0x00,
    0x7F,0xE0,0x00,0x00,0x03,0xFC,0x00,0x7F,0xF0,0x00,0x00,0x03,0xF8,0x00,0x7F,0xF8,
    0x00,0x00,0x07,0xF8,0x00,0x7F,0xFC,0x00,0x00,0x1F,0xF0,0x00,0x7E,0xFF,0x00,0x00,
    0x3F,0xE0,0x00,0x7E,0x7F,0xC0,0x00,0xFF,0xC0,0x00,0x7E,0x3F,0xFC,0x0F,0xFF,0x80,
    0x00,0x7E,0x1F,0xFF,0xFF,0xFF,0x00,0x00,0x7E,0x07,0xFF,0xFF,0xFE,0x00,0x00,0x7E,
    0x03,0xFF,0xFF,0xF8,0x00,0x00,0x7E,0x00,0xFF,0xFF,0xE0,0x00,0x00,0x7E,0x00,0x1F,
    0xFF,0x00,0x00,0x00,0x7E,0x00,0x00,0x00,0x00,0x00,0x00,0x7E,0x00,0x00,0x00,0x00,
    0x00,0x00,0x7E,0x00,0x00,0x00,0x00,0x00,0x00,0x7E,0x00,0x00,0x00,0x00,0x00,0x00,
    0x7E,0x00,0x00,0x00,0x00,0x00,0x00,0x7E,0x00,0x00,0x00,0x00,0x00,0x00,0x7E,0x00,
    0x00,0x00,0x00,0x00,0x00,0x7E,0x00,0x00,0x00,0x00,0x00,0x00,0x7E,0x00,0x00,0x00,
    0x00,0x00,0x00,0x7E,0x00,0x00,0x00,0x00,0x00,0x00,0x7E,0x00,0x00,0x00,0x00,0x00,
    0x00,0x7E,0x00,0x00,0x00,0x00,0x00,0x00,0x7E,0x00,0x00,0x00,0x00,0x00,0x00,0x7E,
    0x00,0x00,0x00,0x00,0x00,0x00,0x7E,0x00,0x00,0x00,0x00,0x00,0x00,0x7E,0x00,0x00,
    0x00,0x00,0x00,0x00,0x7E,0x00,0x00,0x00,0x00,0x00,0x00,0x00,0x00,0x00,0x00,0x00,
    0x00,0x00,0x00,0x00,0x00,0x00,0x0F,0xE0,0x00,0x00,0x00,0x00,0x00,0xFF,0xFE,0x00,
    0x3F,0x00,0x00,0x07,0xFF,0xFF,0xC0,0x3F,0x00,0x00,0x1F,0xFF,0xFF,0xF0,0x3F,0x00,
    0x00,0x3F,0xFF,0xFF,0xF8,0x3F,0x00,0x00,0xFF,0xFF,0xFF,0xFC,0x3F,0x00,0x01,0xFF,
    0xE0,0x07,0xFE,0x3F,0x00,0x03,0xFF,0x80,0x00,0xFF,0x3F,0x00,0x07,0xFE,0x00,0x00,
    0x3F,0xBF,0x00,0x07,0xF8,0x00,0x00,0x1F,0xFF,0x00,0x0F,0xF0,0x00,0x00,0x0F,0xFF,
    0x00,0x1F,0xE0,0x00,0x00,0x07,0xFF,0x00,0x1F,0xC0,0x00,0x00,0x03,0xFF,0x00,0x3F,
    0xC0,0x00,0x00,0x01,0xFF,0x00,0x3F,0x80,0x00,0x00,0x01,0xFF,0x00,0x3F,0x80,0x00,
    0x00,0x00,0xFF,0x00,0x7F,0x00,0x00,0x00,0x00,0xFF,0x00,0x7F,0x00,0x00,0x00,0x00,
    0x7F,0x00,0x7E,0x00,0x00,0x00,0x00,0x7F,0x00,0x7E,0x00,0x00,0x00,0x00,0x7F,0x00,
    0xFE,0x00,0x00,0x00,0x00,0x7F,0x00,0xFE,0x00,0x00,0x00,0x00,0x3F,0x00,0xFE,0x00,
    0x00,0x00,0x00,0x3F,0x00,0xFE,0x00,0x00,0x00,0x00,0x3F,0x00,0xFE,0x00,0x00,0x00,
    0x00,0x3F,0x00,0xFE,0x00,0x00,0x00,0x00,0x3F,0x00,0xFE,0x00,0x00,0x00,0x00,0x3F,
    0x00,0xFE,0x00,0x00,0x00,0x00,0x3F,0x00,0xFE,0x00,0x00,0x00,0x00,0x7F,0x00,0x7E,
    0x00,0x00,0x00,0x00,0x7F,0x00,0x7F,0x00,0x00,0x00,0x00,0x7F,0x00,0x7F,0x00,0x00,
    0x00,0x00,0x7F,0x00,0x7F,0x00,0x00,0x00,0x00,0xFF,0x00,0x3F,0x80,0x00,0x00,0x00,
    0xFF,0x00,0x3F,0x80,0x00,0x00,0x01,0xFF,0x00,0x3F,0xC0,0x00,0x00,0x01,0xFF,0x00,
    0x1F,0xE0,0x00,0x00,0x03,0xFF,0x00,0x0F,0xF0,0x00,0x00,0x07,0xFF,0x00,0x0F,0xF8,
    0x00,0x00,0x0F,0xFF,0x00,0x07,0xFC,0x00,0x00,0x1F,0xFF,0x00,0x03,0xFE,0x00,0x00,
    0x7F,0xBF,0x00,0x01,0xFF,0x80,0x01,0xFF,0x3F,0x00,0x00,0xFF,0xF8,0x1F,0xFE,0x3F,
    0x00,0x00,0x7F,0xFF,0xFF,0xFC,0x3F,0x00,0x00,0x3F,0xFF,0xFF,0xF8,0x3F,0x00,0x00,
    0x0F,0xFF,0xFF,0xE0,0x3F,0x00,0x00,0x03,0xFF,0xFF,0x80,0x3F,0x00,0x00,0x00,0x7F,
    0xFC,0x00,0x3F,0x00,0x00,0x00,0x00,0x00,0x00,0x3F,0x00,0x00,0x00,0x00,0x00,0x00,
    0x3F,0x00,0x00,0x00,0x00,0x00,0x00,0x3F,0x00,0x00,0x00,0x00,0x00,0x00,0x3F,0x00,
    0x00,0x00,0x00,0x00,0x00,0x3F,0x00,0x00,0x00,0x00,0x00,0x00,0x3F,0x00,0x00,0x00,
    0x00,0x00,0x00,0x3F,0x00,0x00,0x00,0x00,0x00,0x00,0x3F,0x00,0x00,0x00,0x00,0x00,
    0x00,0x3F,0x00,0x00,0x00,0x00,0x00,0x00,0x3F,0x00,0x00,0x00,0x00,0x00,0x00,0x3F,
    0x00,0x00,0x00,0x00,0x00,0x00,0x3F,0x00,0x00,0x00,0x00,0x00,0x00,0x3F,0x00,0x00,
    0x00,0x00,0x00,0x00,0x3F,0x00,0x00,0x00,0x00,0x00,0x00,0x3F,0x00,0x00,0x00,0x00,
    0x00,0x00,0x3F,0x00,0x00,0x00,0x00,0x00,0x00,0x3F,0x00,0x00,0x00,0x00,0x00,0x00,
    0x00,0x00,0x00,0x00,0x00,0x00,0x07,0x00,0x7E,0x00,0x7F,0x80,0x7E,0x03,0xFF,0x80,
    0x7E,0x0F,0xFF,0x80,0x7E,0x1F,0xFF,0x80,0x7E,0x3F,0xFF,0x80,0x7E,0x7F,0xFC,0x00,
    0x7E,0xFF,0x80,0x00,0x7E,0xFE,0x00,0x00,0x7F,0xF8,0x00,0x00,0x7F,0xF0,0x00,0x00,
    0x7F,0xE0,0x00,0x00,0x7F,0xC0,0x00,0x00,0x7F,0xC0,0x00,0x00,0x7F,0x80,0x00,0x00,
    0x7F,0x80,0x00,0x00,0x7F,0x00,0x00,0x00,0x7F,0x00,0x00,0x00,0x7F,0x00,0x00,0x00,
    0x7F,0x00,0x00,0x00,0x7E,0x00,0x00,0x00,0x7E,0x00,0x00,0x00,0x7E,0x00,0x00,0x00,
    0x7E,0x00,0x00,0x00,0x7E,0x00,0x00,0x00,0x7E,0x00,0x00,0x00,0x7E,0x00,0x00,0x00,
    0x7E,0x00,0x00,0x00,0x7E,0x00,0x00,0x00,0x7E,0x00,0x00,0x00,0x7E,0x00,0x00,0x00,
    0x7E,0x00,0x00,0x00,0x7E,0x00,0x00,0x00,0x7E,0x00,0x00,0x00,0x7E,0x00,0x00,0x00,
    0x7E,0x00,0x00,0x00,0x7E,0x00,0x00,0x00,0x7E,0x00,0x00,0x00,0x7E,0x00,0x00,0x00,
    0x7E,0x00,0x00,0x00,0x7E,0x00,0x00,0x00,0x7E,0x00,0x00,0x00,0x7E,0x00,0x00,0x00,
    0x7E,0x00,0x00,0x00,0x7E,0x00,0x00,0x00,0x7E,0x00,0x00,0x00,0x7E,0x00,0x00,0x00,
    0x7E,0x00,0x00,0x00,0x00,0x00,0x7F,0x80,0x00,0x00,0x0F,0xFF,0xFC,0x00,0x00,0x3F,
    0xFF,0xFF,0x80,0x00,0xFF,0xFF,0xFF,0xE0,0x03,0xFF,0xFF,0xFF,0xF8,0x07,0xFF,0xFF,
    0xFF,0xF8,0x0F,0xFE,0x00,0x1F,0xF8,0x0F,0xF0,0x00,0x03,0xF0,0x1F,0xE0,0x00,0x00,
    0xE0,0x1F,0xC0,0x00,0x00,0x20,0x3F,0x80,0x00,0x00,0x00,0x3F,0x80,0x00,0x00,0x00,
    0x3F,0x00,0x00,0x00,0x00,0x3F,0x00,0x00,0x00,0x00,0x3F,0x00,0x00,0x00,0x00,0x3F,
    0x80,0x00,0x00,0x00,0x3F,0x80,0x00,0x00,0x00,0x3F,0xC0,0x00,0x00,0x00,0x1F,0xE0,
    0x00,0x00,0x00,0x1F,0xF8,0x00,0x00,0x00,0x0F,0xFE,0x00,0x00,0x00,0x07,0xFF,0xF0,
    0x00,0x00,0x03,0xFF,0xFF,0x80,0x00,0x01,0xFF,0xFF,0xF8,0x00,0x00,0x7F,0xFF,0xFF,
    0x00,0x00,0x1F,0xFF,0xFF,0xC0,0x00,0x01,0xFF,0xFF,0xE0,0x00,0x00,0x07,0xFF,0xF0,
    0x00,0x00,0x00,0x3F,0xF8,0x00,0x00,0x00,0x07,0xFC,0x00,0x00,0x00,0x03,0xFC,0x00,
    0x00,0x00,0x01,0xFE,0x00,0x00,0x00,0x00,0xFE,0x00,0x00,0x00,0x00,0x7E,0x00,0x00,
    0x00,0x00,0x7E,0x00,0x00,0x00,0x00,0x7E,0x00,0x00,0x00,0x00,0x7E,0x00,0x00,0x00,
    0x00,0xFE,0x18,0x00,0x00,0x00,0xFE,0x3C,0x00,0x00,0x01,0xFC,0x3F,0x80,0x00,0x03,
    0xFC,0x7F,0xE0,0x00,0x0F,0xF8,0x7F,0xFE,0x00,0x7F,0xF8,0x3F,0xFF,0xFF,0xFF,0xF0,
    0x1F,0xFF,0xFF,0xFF,0xC0,0x07,0xFF,0xFF,0xFF,0x80,0x00,0xFF,0xFF,0xFE,0x00,0x00,
    0x1F,0xFF,0xF0,0x00,0x00,0x00,0x00,0x00,0x00,0x00,0x00,0x00,0x00,0x7E,0x00,0x00,
    0x00,0x00,0x7E,0x00,0x00,0x00,0x00,0x7E,0x00,0x00,0x00,0x00,0x7E,0x00,0x00,0x00,
    0x00,0x7E,0x00,0x00,0x00,0x00,0x7E,0x00,0x00,0x00,0x00,0x7E,0x00,0x00,0x00,0x00,
    0x7E,0x00,0x00,0x00,0x00,0x7E,0x00,0x00,0x00,0x00,0x7E,0x00,0x00,0x00,0x00,0x7F,
    0x00,0x00,0x00,0x7F,0xFF,0xFF,0xFC,0x00,0x7F,0xFF,0xFF,0xFC,0x00,0x7F,0xFF,0xFF,
    0xFC,0x00,0x7F,0xFF,0xFF,0xFC,0x00,0x7F,0xFF,0xFF,0xFC,0x00,0x00,0x7E,0x00,0x00,
    0x00,0x00,0x7E,0x00,0x00,0x00,0x00,0x7E,0x00,0x00,0x00,0x00,0x7E,0x00,0x00,0x00,
    0x00,0x7E,0x00,0x00,0x00,0x00,0x7E,0x00,0x00,0x00,0x00,0x7E,0x00,0x00,0x00,0x00,
    0x7E,0x00,0x00,0x00,0x00,0x7E,0x00,0x00,0x00,0x00,0x7E,0x00,0x00,0x00,0x00,0x7E,
    0x00,0x00,0x00,0x00,0x7E,0x00,0x00,0x00,0x00,0x7E,0x00,0x00,0x00,0x00,0x7E,0x00,
    0x00,0x00,0x00,0x7E,0x00,0x00,0x00,0x00,0x7E,0x00,0x00,0x00,0x00,0x7E,0x00,0x00,
    0x00,0x00,0x7E,0x00,0x00,0x00,0x00,0x7E,0x00,0x00,0x00,0x00,0x7E,0x00,0x00,0x00,
    0x00,0x7E,0x00,0x00,0x00,0x00,0x7E,0x00,0x00,0x00,0x00,0x7E,0x00,0x00,0x00,0x00,
    0x7E,0x00,0x00,0x00,0x00,0x7E,0x00,0x00,0x00,0x00,0x7E,0x00,0x00,0x00,0x00,0x7E,
    0x00,0x00,0x00,0x00,0x7E,0x00,0x00,0x00,0x00,0x7E,0x00,0x00,0x00,0x00,0x7E,0x00,
    0x00,0x00,0x00,0x7F,0x00,0x00,0x00,0x00,0x7F,0x00,0x00,0x00,0x00,0x7F,0x00,0x00,
    0x00,0x00,0x3F,0x80,0x00,0x00,0x00,0x3F,0x80,0x00,0x00,0x00,0x3F,0xC0,0x06,0x00,
    0x00,0x1F,0xF0,0x1F,0x00,0x00,0x1F,0xFF,0xFF,0x00,0x00,0x0F,0xFF,0xFF,0x80,0x00,
    0x07,0xFF,0xFF,0x00,0x00,0x01,0xFF,0xFE,0x00,0x00,0x00,0x7F,0xF8,0x00,0x00,0x00,
    0x00,0x00,0x00,0x00,0x00,0x00,0x00,0x00,0x00,0x00,0xFE,0x00,0x00,0x00,0x07,0xF0,
    0xFE,0x00,0x00,0x00,0x07,0xF0,0xFE,0x00,0x00,0x00,0x07,0xF0,0xFE,0x00,0x00,0x00,
    0x07,0xF0,0xFE,0x00,0x00,0x00,0x07,0xF0,0xFE,0x00,0x00,0x00,0x07,0xF0,0xFE,0x00,
    0x00,0x00,0x07,0xF0,0xFE,0x00,0x00,0x00,0x07,0xF0,0xFE,0x00,0x00,0x00,0x07,0xF0,
    0xFE,0x00,0x00,0x00,0x07,0xF0,0xFE,0x00,0x00,0x00,0x07,0xF0,0xFE,0x00,0x00,0x00,
    0x07,0xF0,0xFE,0x00,0x00,0x00,0x07,0xF0,0xFE,0x00,0x00,0x00,0x07,0xF0,0xFE,0x00,
    0x00,0x00,0x07,0xF0,0xFE,0x00,0x00,0x00,0x07,0xF0,0xFE,0x00,0x00,0x00,0x07,0xF0,
    0xFE,0x00,0x00,0x00,0x07,0xF0,0xFE,0x00,0x00,0x00,0x07,0xF0,0xFE,0x00,0x00,0x00,
    0x07,0xF0,0xFE,0x00,0x00,0x00,0x07,0xF0,0xFE,0x00,0x00,0x00,0x07,0xF0,0xFE,0x00,
    0x00,0x00,0x07,0xF0,0xFE,0x00,0x00,0x00,0x07,0xF0,0xFE,0x00,0x00,0x00,0x07,0xF0,
    0xFE,0x00,0x00,0x00,0x07,0xF0,0xFE,0x00,0x00,0x00,0x07,0xF0,0xFE,0x00,0x00,0x00,
    0x07,0xF0,0xFE,0x00,0x00,0x00,0x07,0xF0,0x7E,0x00,0x00,0x00,0x07,0xF0,0x7E,0x00,
    0x00,0x00,0x0F,0xF0,0x7E,0x00,0x00,0x00,0x0F,0xF0,0x7F,0x00,0x00,0x00,0x0F,0xF0,
    0x7F,0x00,0x00,0x00,0x1F,0xF0,0x7F,0x00,0x00,0x00,0x1F,0xF0,0x3F,0x80,0x00,0x00,
    0x3F,0xF0,0x3F,0x80,0x00,0x00,0x7F,0xF0,0x3F,0xC0,0x00,0x00,0x7F,0xF0,0x1F,0xE0,
    0x00,0x01,0xFF,0xF0,0x0F,0xF8,0x00,0x03,0xFF,0xF0,0x0F,0xFE,0x00,0x0F,0xF7,0xF0,
    0x07,0xFF,0xC0,0xFF,0xE7,0xF0,0x03,0xFF,0xFF,0xFF,0xC7,0xF0,0x01,0xFF,0xFF,0xFF,
    0x87,0xF0,0x00,0x7F,0xFF,0xFE,0x07,0xF0,0x00,0x1F,0xFF,0xFC,0x07,0xF0,0x00,0x07,
    0xFF,0xE0,0x07,0xF0,0x00,0x00,0x00,0x00,0x00,0x00,0x00,0x00,0x00,0x00,0x00,0x00,
    0x00,0x00,0x00,0xFE,0x00,0x00,0x00,0x00,0x3F,0x00,0x7F,0x00,0x00,0x00,0x00,0x3F,
    0x00,0x7F,0x00,0x00,0x00,0x00,0x7E,0x00,0x3F,0x00,0x00,0x00,0x00,0x7E,0x00,0x3F,
    0x80,0x00,0x00,0x00,0xFE,0x00,0x1F,0x80,0x00,0x00,0x00,0xFC,0x00,0x1F,0xC0,0x00,
    0x00,0x01,0xFC,0x00,0x0F,0xC0,0x00,0x00,0x01,0xF8,0x00,0x0F,0xE0,0x00,0x00,0x03,
    0xF8,0x00,0x0F,0xE0,0x00,0x00,0x03,0xF0,0x00,0x07,0xE0,0x00,0x00,0x03,0xF0,0x00,
    0x07,0xF0,0x00,0x00,0x07,0xE0,0x00,0x03,0xF0,0x00,0x00,0x07,0xE0,0x00,0x03,0xF8,
    0x00,0x00,0x0F,0xE0,0x00,0x01,0xF8,0x00,0x00,0x0F,0xC0,0x00,0x01,0xFC,0x00,0x00,
    0x1F,0xC0,0x00,0x00,0xFC,0x00,0x00,0x1F,0x80,0x00,0x00,0xFE,0x00,0x00,0x3F,0x80,
    0x00,0x00,0xFE,0x00,0x00,0x3F,0x00,0x00,0x00,0x7E,0x00,0x00,0x3F,0x00,0x00,0x00,
    0x7F,0x00,0x00,0x7E,0x00,0x00,0x00,0x3F,0x00,0x00,0x7E,0x00,0x00,0x00,0x3F,0x80,
    0x00,0xFE,0x00,0x00,0x00,0x1F,0x80,0x00,0xFC,0x00,0x00,0x00,0x1F,0xC0,0x01,0xFC,
    0x00,0x00,0x00,0x0F,0xC0,0x01,0xF8,0x00,0x00,0x00,0x0F,0xE0,0x03,0xF8,0x00,0x00,
    0x00,0x0F,0xE0,0x03,0xF0,0x00,0x00,0x00,0x07,0xE0,0x03,0xF0,0x00,0x00,0x00,0x07,
    0xF0,0x07,0xE0,0x00,0x00,0x00,0x03,0xF0,0x07,0xE0,0x00,0x00,0x00,0x03,0xF8,0x0F,
    0xE0,0x00,0x00,0x00,0x01,0xF8,0x0F,0xC0,0x00,0x00,0x00,0x01,0xFC,0x1F,0xC0,0x00,
    0x00,0x00,0x00,0xFC,0x1F,0x80,0x00,0x00,0x00,0x00,0xFC,0x3F,0x80,0x00,0x00,0x00,
    0x00,0xFE,0x3F,0x00,0x00,0x00,0x00,0x00,0x7E,0x3F,0x00,0x00,0x00,0x00,0x00,0x7F,
    0x7E,0x00,0x00,0x00,0x00,0x00,0x3F,0xFE,0x00,0x00,0x00,0x00,0x00,0x3F,0xFE,0x00,
    0x00,0x00,0x00,0x00,0x1F,0xFC,0x00,0x00,0x00,0x00,0x00,0x1F,0xFC,0x00,0x00,0x00,
    0x00,0x00,0x0F,0xF8,0x00,0x00,0x00,0x00,0x00,0x0F,0xF8,0x00,0x00,0x00,0x00,0x00,
    0x0F,0xF0,0x00,0x00,0x00,0x00,0x00,0x07,0xF0,0x00,0x00,0x00,0x00,0x00,0x00,0x00,
    0x00,0x00,0x00,0x00,0x00,0x00,0x7E,0x00,0x00,0x00,0x07,0xE0,0x00,0x00,0x00,0xFC,
    0x7E,0x00,0x00,0x00,0x0F,0xE0,0x00,0x00,0x00,0xFC,0x3F,0x00,0x00,0x00,0x0F,0xE0,
    0x00,0x00,0x00,0xF8,0x3F,0x00,0x00,0x00,0x1F,0xF0,0x00,0x00,0x01,0xF8,0x1F,0x80,
    0x00,0x00,0x1F,0xF0,0x00,0x00,0x01,0xF8,0x1F,0x80,0x00,0x00,0x1F,0xF8,0x00,0x00,
    0x03,0xF0,0x1F,0x80,0x00,0x00,0x3F,0xF8,0x00,0x00,0x03,0xF0,0x0F,0xC0,0x00,0x00,
    0x3F,0xF8,0x00,0x00,0x03,0xE0,0x0F,0xC0,0x00,0x00,0x3F,0xFC,0x00,0x00,0x07,0xE0,
    0x0F,0xC0,0x00,0x00,0x7E,0xFC,0x00,0x00,0x07,0xE0,0x07,0xE0,0x00,0x00,0x7E,0xFC,
    0x00,0x00,0x0F,0xC0,0x07,0xE0,0x00,0x00,0xFC,0x7E,0x00,0x00,0x0F,0xC0,0x03,0xF0,
    0x00,0x00,0xFC,0x7E,0x00,0x00,0x0F,0xC0,0x03,0xF0,0x00,0x00,0xFC,0x3F,0x00,0x00,
    0x1F,0x80,0x03,0xF0,0x00,0x01,0xF8,0x3F,0x00,0x00,0x1F,0x80,0x01,0xF8,0x00,0x01,
    0xF8,0x3F,0x00,0x00,0x1F,0x00,0x01,0xF8,0x00,0x01,0xF0,0x1F,0x80,0x00,0x3F,0x00,
    0x01,0xF8,0x00,0x03,0xF0,0x1F,0x80,0x00,0x3F,0x00,0x00,0xFC,0x00,0x03,0xF0,0x1F,
    0x80,0x00,0x7E,0x00,0x00,0xFC,0x00,0x07,0xE0,0x0F,0xC0,0x00,0x7E,0x00,0x00,0x7E,
    0x00,0x07,0xE0,0x0F,0xC0,0x00,0x7E,0x00,0x00,0x7E,0x00,0x07,0xC0,0x07,0xE0,0x00,
    0xFC,0x00,0x00,0x7E,0x00,0x0F,0xC0,0x07,0xE0,0x00,0xFC,0x00,0x00,0x3F,0x00,0x0F,
    0xC0,0x07,0xE0,0x00,0xF8,0x00,0x00,0x3F,0x00,0x1F,0x80,0x03,0xF0,0x01,0xF8,0x00,
    0x00,0x3F,0x00,0x1F,0x80,0x03,0xF0,0x01,0xF8,0x00,0x00,0x1F,0x80,0x1F,0x00,0x01,
    0xF0,0x03,0xF0,0x00,0x00,0x1F,0x80,0x3F,0x00,0x01,0xF8,0x03,0xF0,0x00,0x00,0x0F,
    0x80,0x3F,0x00,0x01,0xF8,0x03,0xF0,0x00,0x00,0x0F,0xC0,0x3E,0x00,0x00,0xFC,0x07,
    0xE0,0x00,0x00,0x0F,0xC0,0x7E,0x00,0x00,0xFC,0x07,0xE0,0x00,0x00,0x07,0xE0,0x7E,
    0x00,0x00,0xFC,0x07,0xC0,0x00,0x00,0x07,0xE0,0xFC,0x00,0x00,0x7E,0x0F,0xC0,0x00,
    0x00,0x07,0xE0,0xFC,0x00,0x00,0x7E,0x0F,0xC0,0x00,0x00,0x03,0xF0,0xF8,0x00,0x00,
    0x3E,0x1F,0x80,0x00,0x00,0x03,0xF1,0xF8,0x00,0x00,0x3F,0x1F,0x80,0x00,0x00,0x01,
    0xF1,0xF8,0x00,0x00,0x3F,0x1F,0x00,0x00,0x00,0x01,0xF9,0xF0,0x00,0x00,0x1F,0xBF,
    0x00,0x00,0x00,0x01,0xFB,0xF0,0x00,0x00,0x1F,0xBF,0x00,0x00,0x00,0x00,0xFF,0xE0,
    0x00,0x00,0x0F,0xFE,0x00,0x00,0x00,0x00,0xFF,0xE0,0x00,0x00,0x0F,0xFE,0x00,0x00,
    0x00,0x00,0xFF,0xE0,0x00,0x00,0x0F,0xFE,0x00,0x00,0x00,0x00,0x7F,0xC0,0x00,0x00,
    0x07,0xFC,0x00,0x00,0x00,0x00,0x7F,0xC0,0x00,0x00,0x07,0xFC,0x00,0x00,0x00,0x00,
    0x3F,0xC0,0x00,0x00,0x07,0xF8,0x00,0x00,0x00,0x00,0x3F,0x80,0x00,0x00,0x03,0xF8,
    0x00,0x00,0x00,0x00,0x3F,0x80,0x00,0x00,0x03,0xF8,0x00,0x00,0x00,0x00,0x00,0x00,
    0x00,0x00,0x3F,0x80,0x00,0x00,0x07,0xF0,0x1F,0xC0,0x00,0x00,0x0F,0xE0,0x0F,0xE0,
    0x00,0x00,0x1F,0xC0,0x07,0xF0,0x00,0x00,0x3F,0x80,0x07,0xF0,0x00,0x00,0x3F,0x80,
    0x03,0xF8,0x00,0x00,0x7F,0x00,0x01,0xFC,0x00,0x00,0xFE,0x00,0x00,0xFE,0x00,0x01,
    0xFC,0x00,0x00,0xFF,0x00,0x03,0xF8,0x00,0x00,0x7F,0x00,0x03,0xF8,0x00,0x00,0x3F,
    0x80,0x07,0xF0,0x00,0x00,0x1F,0xC0,0x0F,0xE0,0x00,0x00,0x1F,0xE0,0x1F,0xC0,0x00,
    0x00,0x0F,0xE0,0x1F,0xC0,0x00,0x00,0x07,0xF0,0x3F,0x80,0x00,0x00,0x03,0xF8,0x7F,
    0x00,0x00,0x00,0x01,0xFC,0xFE,0x00,0x00,0x00,0x01,0xFC,0xFE,0x00,0x00,0x00,0x00,
    0xFF,0xFC,0x00,0x00,0x00,0x00,0x7F,0xF8,0x00,0x00,0x00,0x00,0x3F,0xF0,0x00,0x00,
    0x00,0x00,0x3F,0xE0,0x00,0x00,0x00,0x00,0x1F,0xE0,0x00,0x00,0x00,0x00,0x1F,0xE0,
    0x00,0x00,0x00,0x00,0x3F,0xF0,0x00,0x00,0x00,0x00,0x7F,0xF8,0x00,0x00,0x00,0x00,
    0x7F,0xF8,0x00,0x00,0x00,0x00,0xFF,0xFC,0x00,0x00,0x00,0x01,0xFC,0xFE,0x00,0x00,
    0x00,0x03,0xF8,0x7F,0x00,0x00,0x00,0x07,0xF8,0x7F,0x80,0x00,0x00,0x07,0xF0,0x3F,
    0x80,0x00,0x00,0x0F,0xE0,0x1F,0xC0,0x00,0x00,0x1F,0xC0,0x0F,0xE0,0x00,0x00,0x3F,
    0x80,0x07,0xF0,0x00,0x00,0x3F,0x80,0x07,0xF0,0x00,0x00,0x7F,0x00,0x03,0xF8,0x00,
    0x00,0xFE,0x00,0x01,0xFC,0x00,0x01,0xFC,0x00,0x00,0xFE,0x00,0x03,0xFC,0x00,0x00,
    0xFF,0x00,0x03,0xF8,0x00,0x00,0x7F,0x00,0x07,0xF0,0x00,0x00,0x3F,0x80,0x0F,0xE0,
    0x00,0x00,0x1F,0xC0,0x1F,0xE0,0x00,0x00,0x1F,0xE0,0x1F,0xC0,0x00,0x00,0x0F,0xE0,
    0x3F,0x80,0x00,0x00,0x07,0xF0,0x7F,0x00,0x00,0x00,0x03,0xF8,0x00,0x00,0x00,0x00,
    0x00,0x00,0x00,0x1F,0xC0,0x00,0x00,0x00,0x07,0xE0,0x0F,0xE0,0x00,0x00,0x00,0x07,
    0xE0,0x0F,0xE0,0x00,0x00,0x00,0x0F,0xC0,0x07,0xE0,0x00,0x00,0x00,0x0F,0xC0,0x07,
    0xF0,0x00,0x00,0x00,0x1F,0xC0,0x03,0xF0,0x00,0x00,0x00,0x1F,0x80,0x03,0xF8,0x00,
    0x00,0x00,0x3F,0x80,0x01,0xF8,0x00,0x00,0x00,0x3F,0x00,0x01,0xFC,0x00,0x00,0x00,
    0x3F,0x00,0x01,0xFC,0x00,0x00,0x00,0x7E,0x00,0x00,0xFE,0x00,0x00,0x00,0x7E,0x00,
    0x00,0xFE,0x00,0x00,0x00,0xFC,0x00,0x00,0x7E,0x00,0x00,0x00,0xFC,0x00,0x00,0x7F,
    0x00,0x00,0x01,0xFC,0x00,0x00,0x3F,0x00,0x00,0x01,0xF8,0x00,0x00,0x3F,0x80,0x00,
    0x03,0xF8,0x00,0x00,0x1F,0x80,0x00,0x03,0xF0,0x00,0x00,0x1F,0xC0,0x00,0x03,0xF0,
    0x00,0x00,0x1F,0xC0,0x00,0x07,0xE0,0x00,0x00,0x0F,0xE0,0x00,0x07,0xE0,0x00,0x00,
    0x0F,0xE0,0x00,0x0F,0xC0,0x00,0x00,0x07,0xE0,0x00,0x0F,0xC0,0x00,0x00,0x07,0xF0,
    0x00,0x1F,0xC0,0x00,0x00,0x03,0xF0,0x00,0x1F,0x80,0x00,0x00,0x03,0xF8,0x00,0x3F,
    0x80,0x00,0x00,0x01,0xF8,0x00,0x3F,0x00,0x00,0x00,0x01,0xFC,0x00,0x3F,0x00,0x00,
    0x00,0x00,0xFC,0x00,0x7E,0x00,0x00,0x00,0x00,0xFE,0x00,0x7E,0x00,0x00,0x00,0x00,
    0xFE,0x00,0xFC,0x00,0x00,0x00,0x00,0x7E,0x00,0xFC,0x00,0x00,0x00,0x00,0x7F,0x01,
    0xF8,0x00,0x00,0x00,0x00,0x3F,0x01,0xF8,0x00,0x00,0x00,0x00,0x3F,0x83,0xF8,0x00,
    0x00,0x00,0x00,0x1F,0x83,0xF0,0x00,0x00,0x00,0x00,0x1F,0xC3,0xF0,0x00,0x00,0x00,
    0x00,0x0F,0xC7,0xE0,0x00,0x00,0x00,0x00,0x0F,0xE7,0xE0,0x00,0x00,0x00,0x00,0x0F,
    0xEF,0xC0,0x00,0x00,0x00,0x00,0x07,0xFF,0xC0,0x00,0x00,0x00,0x00,0x07,0xFF,0x80,
    0x00,0x00,0x00,0x00,0x03,0xFF,0x80,0x00,0x00,0x00,0x00,0x03,0xFF,0x80,0x00,0x00,
    0x00,0x00,0x01,0xFF,0x00,0x00,0x00,0x00,0x00,0x01,0xFF,0x00,0x00,0x00,0x00,0x00,
    0x00,0xFE,0x00,0x00,0x00,0x00,0x00,0x00,0xFE,0x00,0x00,0x00,0x00,0x00,0x00,0xFC,
    0x00,0x00,0x00,0x00,0x00,0x01,0xFC,0x00,0x00,0x00,0x00,0x00,0x01,0xF8,0x00,0x00,
    0x00,0x00,0x00,0x01,0xF8,0x00,0x00,0x00,0x00,0x00,0x03,0xF8,0x00,0x00,0x00,0x00,
    0x00,0x03,0xF0,0x00,0x00,0x00,0x00,0x00,0x07,0xF0,0x00,0x00,0x00,0x00,0x00,0x07,
    0xE0,0x00,0x00,0x00,0x00,0x00,0x0F,0xE0,0x00,0x00,0x00,0x18,0x00,0x1F,0xC0,0x00,
    0x00,0x00,0x1C,0x00,0x3F,0xC0,0x00,0x00,0x00,0x3F,0x00,0xFF,0x80,0x00,0x00,0x00,
    0x7F,0xFF,0xFF,0x00,0x00,0x00,0x00,0x7F,0xFF,0xFE,0x00,0x00,0x00,0x00,0x3F,0xFF,
    0xFC,0x00,0x00,0x00,0x00,0x1F,0xFF,0xF8,0x00,0x00,0x00,0x00,0x07,0xFF,0xE0,0x00,
    0x00,0x00,0x00,0x00,0xFF,0x00,0x00,0x00,0x00,0x00,0x00,0x00,0x00,0x00,0x00,0x00,
    0x00,0x7F,0xFF,0xFF,0xFF,0xFE,0x7F,0xFF,0xFF,0xFF,0xFE,0x7F,0xFF,0xFF,0xFF,0xFE,
    0x7F,0xFF,0xFF,0xFF,0xFE,0x7F,0xFF,0xFF,0xFF,0xFC,0x00,0x00,0x00,0x03,0xF8,0x00,
    0x00,0x00,0x07,0xF8,0x00,0x00,0x00,0x07,0xF0,0x00,0x00,0x00,0x0F,0xE0,0x00,0x00,
    0x00,0x1F,0xC0,0x00,0x00,0x00,0x3F,0x80,0x00,0x00,0x00,0x7F,0x80,0x00,0x00,0x00,
    0x7F,0x00,0x00,0x00,0x00,0xFE,0x00,0x00,0x00,0x01,0xFC,0x00,0x00,0x00,0x03,0xFC,
    0x00,0x00,0x00,0x03,0xF8,0x00,0x00,0x00,0x07,0xF0,0x00,0x00,0x00,0x0F,0xE0,0x00,
    0x00,0x00,0x1F,0xC0,0x00,0x00,0x00,0x3F,0xC0,0x00,0x00,0x00,0x3F,0x80,0x00,0x00,
    0x00,0x7F,0x00,0x00,0x00,0x00,0xFE,0x00,0x00,0x00,0x01,0xFC,0x00,0x00,0x00,0x03,
    0xFC,0x00,0x00,0x00,0x03,0xF8,0x00,0x00,0x00,0x07,0xF0,0x00,0x00,0x00,0x0F,0xE0,
    0x00,0x00,0x00,0x1F,0xE0,0x00,0x00,0x00,0x3F,0xC0,0x00,0x00,0x00,0x3F,0x80,0x00,
    0x00,0x00,0x7F,0x00,0x00,0x00,0x00,0xFE,0x00,0x00,0x00,0x01,0xFE,0x00,0x00,0x00,
    0x01,0xFC,0x00,0x00,0x00,0x03,0xF8,0x00,0x00,0x00,0x07,0xF0,0x00,0x00,0x00,0x0F,
    0xE0,0x00,0x00,0x00,0x1F,0xE0,0x00,0x00,0x00,0x1F,0xC0,0x00,0x00,0x00,0x3F,0x80,
    0x00,0x00,0x00,0x7F,0xFF,0xFF,0xFF,0xFE,0x7F,0xFF,0xFF,0xFF,0xFE,0x7F,0xFF,0xFF,
    0xFF,0xFE,0x7F,0xFF,0xFF,0xFF,0xFE,0x7F,0xFF,0xFF,0xFF,0xFE,0x00,0x00,0xFE,0x00,
    0x07,0xFE,0x00,0x1F,0xFE,0x00,0x3F,0xFE,0x00,0x3F,0xFE,0x00,0x7F,0xFE,0x00,0xFF,
    0x80,0x00,0xFF,0x00,0x00,0xFE,0x00,0x00,0xFC,0x00,0x00,0xFC,0x00,0x00,0xFC,0x00,
    0x00,0xFC,0x00,0x00,0xFC,0x00,0x00,0xFC,0x00,0x00,0xFC,0x00,0x00,0xFC,0x00,0x00,
    0xFC,0x00,0x00,0xFC,0x00,0x00,0xFC,0x00,0x00,0xFC,0x00,0x00,0xFC,0x00,0x00,0xFC,
    0x00,0x00,0xFC,0x00,0x00,0xFC,0x00,0x00,0xFC,0x00,0x00,0xFC,0x00,0x00,0xFC,0x00,
    0x00,0xFC,0x00,0x00,0xFC,0x00,0x00,0xFC,0x00,0x00,0xFC,0x00,0x00,0xFC,0x00,0x00,
    0xFC,0x00,0x00,0xFC,0x00,0x01,0xFC,0x00,0x01,0xFC,0x00,0x01,0xFC,0x00,0x03,0xFC,
    0x00,0x07,0xF8,0x00,0xFF,0xF0,0x00,0xFF,0xE0,0x00,0xFF,0xC0,0x00,0xFF,0xF0,0x00,
    0xFF,0xF8,0x00,0x03,0xF8,0x00,0x01,0xFC,0x00,0x01,0xFC,0x00,0x01,0xFC,0x00,0x00,
    0xFC,0x00,0x00,0xFC,0x00,0x00,0xFC,0x00,0x00,0xFC,0x00,0x00,0xFC,0x00,0x00,0xFC,
    0x00,0x00,0xFC,0x00,0x00,0xFC,0x00,0x00,0xFC,0x00,0x00,0xFC,0x00,0x00,0xFC,0x00,
    0x00,0xFC,0x00,0x00,0xFC,0x00,0x00,0xFC,0x00,0x00,0xFC,0x00,0x00,0xFC,0x00,0x00,
    0xFC,0x00,0x00,0xFC,0x00,0x00,0xFC,0x00,0x00,0xFC,0x00,0x00,0xFC,0x00,0x00,0xFC,
    0x00,0x00,0xFC,0x00,0x00,0xFC,0x00,0x00,0xFC,0x00,0x00,0xFC,0x00,0x00,0xFE,0x00,
    0x00,0xFE,0x00,0x00,0xFF,0x00,0x00,0x7F,0x80,0x00,0x7F,0xFE,0x00,0x3F,0xFE,0x00,
    0x1F,0xFE,0x00,0x0F,0xFE,0x00,0x03,0xFE,0x00,0x00,0x00,0x00,0xFC,0xFC,0xFC,0xFC,
    0xFC,0xFC,0xFC,0xFC,0xFC,0xFC,0xFC,0xFC,0xFC,0xFC,0xFC,0xFC,0xFC,0xFC,0xFC,0xFC,
    0xFC,0xFC,0xFC,0xFC,0xFC,0xFC,0xFC,0xFC,0xFC,0xFC,0xFC,0xFC,0xFC,0xFC,0xFC,0xFC,
    0xFC,0xFC,0xFC,0xFC,0xFC,0xFC,0xFC,0xFC,0xFC,0xFC,0xFC,0xFC,0xFC,0xFC,0xFC,0xFC,
    0xFC,0xFC,0xFC,0xFC,0xFC,0xFC,0xFC,0xFC,0xFC,0xFC,0xFC,0xFC,0xFC,0xFC,0xFC,0xFC,
    0xFC,0xFC,0xFC,0xFC,0xFC,0xFC,0xFC,0xFC,0xFC,0xFC,0xFC,0xFC,0xFC,0xFC,0xFC,0xFC,
    0x00,0x00,0x00,0x00,0x7F,0x00,0x00,0x7F,0xE0,0x00,0x7F,0xF8,0x00,0x7F,0xFC,0x00,
    0x7F,0xFE,0x00,0x7F,0xFE,0x00,0x01,0xFF,0x00,0x00,0x7F,0x00,0x00,0x7F,0x00,0x00,
    0x3F,0x00,0x00,0x3F,0x00,0x00,0x3F,0x80,0x00,0x3F,0x80,0x00,0x3F,0x80,0x00,0x3F,
    0x80,0x00,0x3F,0x80,0x00,0x3F,0x80,0x00,0x3F,0x80,0x00,0x3F,0x80,0x00,0x3F,0x80,
    0x00,0x3F,0x80,0x00,0x3F,0x80,0x00,0x3F,0x80,0x00,0x3F,0x80,0x00,0x3F,0x80,0x00,
    0x3F,0x80,0x00,0x3F,0x80,0x00,0x3F,0x80,0x00,0x3F,0x80,0x00,0x3F,0x80,0x00,0x3F,
    0x80,0x00,0x3F,0x80,0x00,0x3F,0x80,0x00,0x3F,0x80,0x00,0x3F,0x80,0x00,0x3F,0x80,
    0x00,0x3F,0x80,0x00,0x3F,0x80,0x00,0x1F,0xC0,0x00,0x1F,0xE0,0x00,0x0F,0xFF,0x00,
    0x07,0xFF,0x00,0x03,0xFF,0x00,0x0F,0xFF,0x00,0x1F,0xFF,0x00,0x1F,0xE0,0x00,0x3F,
    0x80,0x00,0x3F,0x80,0x00,0x3F,0x80,0x00,0x3F,0x80,0x00,0x3F,0x80,0x00,0x3F,0x80,
    0x00,0x3F,0x80,0x00,0x3F,0x80,0x00,0x3F,0x80,0x00,0x3F,0x80,0x00,0x3F,0x80,0x00,
    0x3F,0x80,0x00,0x3F,0x80,0x00,0x3F,0x80,0x00,0x3F,0x80,0x00,0x3F,0x80,0x00,0x3F,
    0x80,0x00,0x3F,0x80,0x00,0x3F,0x80,0x00,0x3F,0x80,0x00,0x3F,0x80,0x00,0x3F,0x80,
    0x00,0x3F,0x80,0x00,0x3F,0x80,0x00,0x3F,0x80,0x00,0x3F,0x80,0x00,0x3F,0x80,0x00,
    0x3F,0x80,0x00,0x3F,0x00,0x00,0x3F,0x00,0x00,0x7F,0x00,0x00,0xFF,0x00,0x01,0xFE,
    0x00,0x7F,0xFE,0x00,0x7F,0xFC,0x00,0x7F,0xF8,0x00,0x7F,0xF0,0x00,0x7F,0xC0,0x00,
    0x00,0x00,0x00,0x00,0x00,0x38,0x00,0x00,0x00,0x00,0x01,0xFF,0x80,0x00,0x07,0x80,
    0x07,0xFF,0xC0,0x00,0x07,0x80,0x0F,0xFF,0xF0,0x00,0x07,0x80,0x1F,0xFF,0xF8,0x00,
    0x0F,0x80,0x1F,0xE7,0xFC,0x00,0x0F,0x80,0x3F,0x00,0xFE,0x00,0x1F,0x00,0x3E,0x00,
    0x7F,0x80,0x1F,0x00,0x7C,0x00,0x3F,0xC0,0x7F,0x00,0x7C,0x00,0x0F,0xF9,0xFE,0x00,
    0x78,0x00,0x07,0xFF,0xFC,0x00,0x78,0x00,0x03,0xFF,0xFC,0x00,0x78,0x00,0x01,0xFF,
    0xF0,0x00,0x78,0x00,0x00,0x7F,0xE0,0x00,0x00,0x00,0x00,0x06,0x00,0x00,0x00,0x00,
};

leRasterFont FontBig =
{
    {
        {
            LE_STREAM_LOCATION_ID_INTERNAL, // data location id
            (void*)FontBig_glyphs, // glyph table variable pointer
            32608, // data size
        },
        LE_RASTER_FONT,
        0,
    },
    95,
    76,
    LE_FONT_BPP_1, // bits per pixel
    FontBig_data, // kerning table
};
